CustomerID,Half,Coefficient,Risk_Group
12347,1,-0.256768355,Low_Risk
12347,2,-0.33085873,Low_Risk
12359,1,-0.087281324,Low_Risk
12359,2,-1,Low_Risk
12362,1,1,Low_Risk
12362,2,0.214909324,Low_Risk
12381,2,-0.786505712,Low_Risk
12395,1,0.458130169,Low_Risk
12395,2,0.915584614,Low_Risk
12415,1,0.416567285,Low_Risk
12415,2,0.020326058,Low_Risk
12417,1,0.900381444,Low_Risk
12417,2,-0.787536371,Low_Risk
12423,1,-0.347589042,Low_Risk
12423,2,0.310512269,Low_Risk
12428,1,-1,Low_Risk
12428,2,-0.993819365,Low_Risk
12433,2,0.372935899,Low_Risk
12437,1,0.276128744,Low_Risk
12437,2,0.016525017,Low_Risk
12451,1,-1,Low_Risk
12451,2,-0.242295974,Low_Risk
12464,1,-1,Low_Risk
12464,2,0.990915223,Low_Risk
12471,1,-0.011810574,Low_Risk
12471,2,0.693942285,Low_Risk
12472,1,0.603713058,Low_Risk
12472,2,-0.032072608,Low_Risk
12473,1,0,Low_Risk
12473,2,-0.094819037,Low_Risk
12474,1,-0.0561436,Low_Risk
12474,2,0.522089444,Low_Risk
12476,1,0.230319979,Low_Risk
12476,2,0.163106964,Low_Risk
12477,1,-1,Low_Risk
12477,2,-0.309276781,Low_Risk
12481,1,0.286453208,Low_Risk
12481,2,-1,Low_Risk
12483,1,-0.764911374,Low_Risk
12483,2,0.519606989,Low_Risk
12490,1,-0.888212432,Low_Risk
12490,2,0.391964943,Low_Risk
12494,1,0.919421094,Low_Risk
12494,2,0.151481282,Low_Risk
12500,1,-0.629591243,Low_Risk
12500,2,0.317238245,Low_Risk
12518,2,0.006816469,Low_Risk
12523,1,0.546522892,Low_Risk
12523,2,-0.373683144,Low_Risk
12524,1,0.338810904,Low_Risk
12524,2,-1,Low_Risk
12528,1,-1,Low_Risk
12528,2,0.69316598,Low_Risk
12536,2,-1,Low_Risk
12540,1,0.214068432,Low_Risk
12540,2,0.095591846,Low_Risk
12553,1,-0.145429123,Low_Risk
12553,2,0.250796885,Low_Risk
12562,1,1,Low_Risk
12562,2,0.33013394,Low_Risk
12567,1,0.35355946,Low_Risk
12567,2,0.959482678,Low_Risk
12569,1,-0.956190168,Low_Risk
12569,2,0.881295263,Low_Risk
12583,1,-0.144662612,Low_Risk
12583,2,0.568581496,Low_Risk
12584,1,-1,Low_Risk
12584,2,0.291031434,Low_Risk
12598,1,0.009976592,Low_Risk
12598,2,0.898164282,Low_Risk
12600,1,-0.493586534,Low_Risk
12600,2,0.440125123,Low_Risk
12619,1,1,Low_Risk
12619,2,0.590411217,Low_Risk
12621,1,-0.107887469,Low_Risk
12621,2,-0.02503465,Low_Risk
12626,1,0.013884593,Low_Risk
12626,2,-0.507385643,Low_Risk
12627,2,-0.218495152,Low_Risk
12647,1,-0.984142701,Low_Risk
12647,2,0.250199783,Low_Risk
12654,1,1,Low_Risk
12654,2,0,Low_Risk
12656,1,1,Low_Risk
12656,2,-0.825618307,Low_Risk
12657,2,0.103773421,Low_Risk
12662,1,0.924760652,Low_Risk
12662,2,-0.388420942,Low_Risk
12664,1,-1,Low_Risk
12664,2,0.586718999,Low_Risk
12668,1,-0.544766644,Low_Risk
12668,2,-1,Low_Risk
12670,1,-1,Low_Risk
12670,2,1,Low_Risk
12681,1,-0.87612714,Low_Risk
12681,2,0.488260966,Low_Risk
12682,1,0.141463788,Low_Risk
12682,2,0.131088171,Low_Risk
12683,1,-0.110497009,Low_Risk
12683,2,-0.315758452,Low_Risk
12684,1,-1,Low_Risk
12684,2,-0.210036564,Low_Risk
12700,1,0,Low_Risk
12700,2,0.697800792,Low_Risk
12704,1,0,Low_Risk
12704,2,-0.334206587,Low_Risk
12705,1,-0.958125711,Low_Risk
12705,2,-0.463652531,Low_Risk
12708,1,-0.067084185,Low_Risk
12708,2,-0.436177995,Low_Risk
12709,1,0.077536596,Low_Risk
12709,2,-0.334567612,Low_Risk
12712,1,0.921979186,Low_Risk
12712,2,-0.738044274,Low_Risk
12714,1,-0.918936545,Low_Risk
12714,2,1,Low_Risk
12720,1,0.250862526,Low_Risk
12720,2,0.470963044,Low_Risk
12723,2,-0.762671331,Low_Risk
12727,1,0.361315098,Low_Risk
12727,2,1,Low_Risk
12731,1,-0.710980663,Low_Risk
12731,2,-0.060822036,Low_Risk
12747,1,0.499697344,Low_Risk
12747,2,0.170920837,Low_Risk
12748,1,0.919430186,Low_Risk
12748,2,0.381971522,Low_Risk
12749,1,0,Low_Risk
12749,2,-0.925136597,Low_Risk
12753,1,0.239278905,Low_Risk
12753,2,-0.111867199,Low_Risk
12757,1,-1,Low_Risk
12757,2,0.158055836,Low_Risk
12766,1,0.971760204,Low_Risk
12766,2,-0.247722481,Low_Risk
12779,1,-0.283900763,Low_Risk
12779,2,0,Low_Risk
12782,1,-1,Low_Risk
12782,2,-1,Low_Risk
12783,2,-0.177893915,Low_Risk
12826,1,-1,Low_Risk
12826,2,-0.497407342,Low_Risk
12828,2,0.401240458,Low_Risk
12839,1,0.255824249,Low_Risk
12839,2,0.478586972,Low_Risk
12841,1,-0.881555802,Low_Risk
12841,2,-0.635316588,Low_Risk
12856,2,-0.986633704,Low_Risk
12867,1,0.740640175,Low_Risk
12867,2,1,Low_Risk
12877,1,0.807494032,Low_Risk
12877,2,0.36358071,Low_Risk
12901,1,-0.591093224,Low_Risk
12901,2,0.139224721,Low_Risk
12910,1,-1,Low_Risk
12910,2,0.579445164,Low_Risk
12912,2,0.998221195,Low_Risk
12913,1,-1,Low_Risk
12913,2,-1,Low_Risk
12919,1,0,Low_Risk
12919,2,0.661961719,Low_Risk
12921,1,-0.164351758,Low_Risk
12921,2,-0.097480309,Low_Risk
12931,1,-0.34262707,Low_Risk
12931,2,-0.853271274,Low_Risk
12935,1,-1,Low_Risk
12935,2,-0.330250461,Low_Risk
12948,1,-1,Low_Risk
12948,2,-0.916521657,Low_Risk
12949,1,-1,Low_Risk
12949,2,-1,Low_Risk
12951,1,-0.240160394,Low_Risk
12951,2,0,Low_Risk
12952,2,-0.712658444,Low_Risk
12955,1,-0.831936255,Low_Risk
12955,2,0.495928123,Low_Risk
12957,1,0.204129915,Low_Risk
12957,2,-0.256501255,Low_Risk
12963,1,0,Low_Risk
12963,2,0.309457818,Low_Risk
12971,1,-0.060541945,Low_Risk
12971,2,-0.33987459,Low_Risk
12989,1,-0.503572681,Low_Risk
12989,2,-0.704611012,Low_Risk
12994,1,0,Low_Risk
12994,2,1,Low_Risk
13001,1,-0.668634618,Low_Risk
13001,2,-0.997070831,Low_Risk
13004,1,-0.234810316,Low_Risk
13004,2,0.821634275,Low_Risk
13012,1,-0.74867817,Low_Risk
13012,2,0.569575608,Low_Risk
13013,1,-1,Low_Risk
13013,2,-0.276815212,Low_Risk
13014,1,-0.975353608,Low_Risk
13014,2,0.078713162,Low_Risk
13018,1,-0.050602996,Low_Risk
13018,2,0.498521325,Low_Risk
13021,1,0.89496933,Low_Risk
13021,2,0.624525036,Low_Risk
13026,1,1,Low_Risk
13026,2,-0.759918066,Low_Risk
13050,1,0.304468884,Low_Risk
13050,2,0.674446233,Low_Risk
13069,1,0.627130678,Low_Risk
13069,2,-0.366373717,Low_Risk
13078,1,-0.012191257,Low_Risk
13078,2,0.410411188,Low_Risk
13079,2,-0.205443854,Low_Risk
13081,1,0.525704498,Low_Risk
13081,2,0.099231639,Low_Risk
13089,1,-0.658304777,Low_Risk
13089,2,0.142683202,Low_Risk
13090,1,0.922089027,Low_Risk
13090,2,0.289026779,Low_Risk
13094,1,-0.002411097,Low_Risk
13094,2,-0.846365512,Low_Risk
13098,1,0.800273117,Low_Risk
13098,2,0.284019279,Low_Risk
13102,1,-0.578529462,Low_Risk
13102,2,-0.681047671,Low_Risk
13104,1,0,Low_Risk
13104,2,0.855389787,Low_Risk
13109,2,-0.735015212,Low_Risk
13110,1,1,Low_Risk
13110,2,-0.825544727,Low_Risk
13113,1,0.321225265,Low_Risk
13113,2,-0.7444167,Low_Risk
13115,1,0.982130857,Low_Risk
13115,2,0.243082495,Low_Risk
13117,1,-0.586420507,Low_Risk
13117,2,1,Low_Risk
13126,1,1,Low_Risk
13126,2,-0.018758256,Low_Risk
13137,1,1,Low_Risk
13137,2,0.886566676,Low_Risk
13139,1,1,Low_Risk
13139,2,0.536649473,Low_Risk
13148,1,-0.965397421,Low_Risk
13148,2,0.215790102,Low_Risk
13159,2,-0.883728652,Low_Risk
13171,1,0,Low_Risk
13171,2,-0.738806355,Low_Risk
13178,1,0.498877624,Low_Risk
13178,2,-0.991654881,Low_Risk
13183,1,-0.999673259,Low_Risk
13183,2,-0.19966423,Low_Risk
13184,1,-0.114740095,Low_Risk
13184,2,-0.65910083,Low_Risk
13198,1,1,Low_Risk
13198,2,-0.46284761,Low_Risk
13199,1,-0.159021867,Low_Risk
13199,2,0.510368569,Low_Risk
13209,1,0.209894356,Low_Risk
13209,2,0.690000619,Low_Risk
13225,1,-0.748585665,Low_Risk
13225,2,0.890054673,Low_Risk
13230,1,0.361850041,Low_Risk
13230,2,-0.3211897,Low_Risk
13238,1,0,Low_Risk
13238,2,0,Low_Risk
13263,1,0.471819,Low_Risk
13263,2,0.037966372,Low_Risk
13266,1,0.018393719,Low_Risk
13266,2,0.671313495,Low_Risk
13267,1,-0.546899035,Low_Risk
13267,2,0.435362558,Low_Risk
13268,1,-0.619165881,Low_Risk
13268,2,1,Low_Risk
13269,1,-0.843559949,Low_Risk
13269,2,0.467509057,Low_Risk
13305,1,0.917032376,Low_Risk
13305,2,0.052863769,Low_Risk
13309,1,-1,Low_Risk
13309,2,-0.953159587,Low_Risk
13310,1,1,Low_Risk
13310,2,-1,Low_Risk
13319,1,0.711033454,Low_Risk
13319,2,0.213906431,Low_Risk
13323,2,0.940665905,Low_Risk
13362,1,-1,Low_Risk
13362,2,-0.862992698,Low_Risk
13384,1,0,Low_Risk
13384,2,-0.163943716,Low_Risk
13394,1,-0.790058653,Low_Risk
13394,2,-0.36537175,Low_Risk
13408,1,0.439221152,Low_Risk
13408,2,0.030749314,Low_Risk
13410,1,-0.727811714,Low_Risk
13410,2,-0.508195768,Low_Risk
13418,1,0.071667953,Low_Risk
13418,2,0.658709814,Low_Risk
13426,1,-0.335567054,Low_Risk
13426,2,-0.350540152,Low_Risk
13435,1,0,Low_Risk
13435,2,-0.381054144,Low_Risk
13448,1,0,Low_Risk
13448,2,1,Low_Risk
13458,1,-0.439673108,Low_Risk
13458,2,-0.258781334,Low_Risk
13468,1,-0.139987234,Low_Risk
13468,2,-0.122542548,Low_Risk
13488,1,-0.4668128,Low_Risk
13488,2,0.773679786,Low_Risk
13495,1,0,Low_Risk
13495,2,-1,Low_Risk
13509,1,1,Low_Risk
13509,2,0.615099014,Low_Risk
13510,1,0,Low_Risk
13510,2,0.705639267,Low_Risk
13534,1,0.06846984,Low_Risk
13534,2,-0.574178896,Low_Risk
13536,2,0.653723439,Low_Risk
13549,1,1,Low_Risk
13549,2,-0.947767498,Low_Risk
13571,1,-0.954681029,Low_Risk
13571,2,0.926218447,Low_Risk
13576,1,-0.138490394,Low_Risk
13576,2,0.337763028,Low_Risk
13588,1,0,Low_Risk
13588,2,-0.42889021,Low_Risk
13599,1,-0.229188918,Low_Risk
13599,2,0.370274447,Low_Risk
13610,1,-0.777107313,Low_Risk
13610,2,-0.072259796,Low_Risk
13629,1,0.517732988,Low_Risk
13629,2,0.051930079,Low_Risk
13630,1,0.318014769,Low_Risk
13630,2,-0.587744946,Low_Risk
13644,2,-0.689078323,Low_Risk
13647,1,-1,Low_Risk
13647,2,-0.187794475,Low_Risk
13658,1,0,Low_Risk
13658,2,-1,Low_Risk
13668,1,-0.015464059,Low_Risk
13668,2,0.350070658,Low_Risk
13680,1,0,Low_Risk
13680,2,-1,Low_Risk
13685,2,-1,Low_Risk
13694,1,0.307849507,Low_Risk
13694,2,-0.165171812,Low_Risk
13695,1,0.721724256,Low_Risk
13695,2,-0.110607947,Low_Risk
13700,1,0.559367116,Low_Risk
13700,2,-0.850622771,Low_Risk
13704,2,-0.938893333,Low_Risk
13709,1,1,Low_Risk
13709,2,-0.136755165,Low_Risk
13735,1,-1,Low_Risk
13735,2,-1,Low_Risk
13742,1,0.236614035,Low_Risk
13742,2,1,Low_Risk
13743,1,1,Low_Risk
13743,2,-0.016144248,Low_Risk
13755,2,-0.778265179,Low_Risk
13756,1,-1,Low_Risk
13756,2,0.640958966,Low_Risk
13767,1,0.289963436,Low_Risk
13767,2,0.130924886,Low_Risk
13769,1,-0.162331083,Low_Risk
13769,2,0.557188968,Low_Risk
13777,1,0.46501782,Low_Risk
13777,2,0.710069558,Low_Risk
13784,1,0.821523366,Low_Risk
13784,2,-0.708745503,Low_Risk
13798,1,-0.18501372,Low_Risk
13798,2,0.484493213,Low_Risk
13808,2,-0.9017601,Low_Risk
13854,1,-0.444065101,Low_Risk
13854,2,-0.247990637,Low_Risk
13860,2,-0.23869186,Low_Risk
13862,1,-0.493017571,Low_Risk
13862,2,-0.85475836,Low_Risk
13870,1,-1,Low_Risk
13870,2,-0.759112428,Low_Risk
13871,1,0.166806749,Low_Risk
13871,2,0.293596895,Low_Risk
13880,1,0.729379173,Low_Risk
13880,2,-0.024991159,Low_Risk
13881,1,0.596487055,Low_Risk
13881,2,0.332811575,Low_Risk
13882,2,-0.9217918,Low_Risk
13883,1,0.699416922,Low_Risk
13883,2,-1,Low_Risk
13884,1,0,Low_Risk
13884,2,-1,Low_Risk
13890,1,0,Low_Risk
13890,2,0.52250501,Low_Risk
13924,2,-0.651711658,Low_Risk
13949,2,-0.80134218,Low_Risk
13950,1,0,Low_Risk
13950,2,1,Low_Risk
13953,1,0.185016066,Low_Risk
13953,2,0.388045512,Low_Risk
13956,1,1,Low_Risk
13956,2,-0.965826271,Low_Risk
13969,1,0.669382378,Low_Risk
13969,2,0.60318548,Low_Risk
13971,1,-0.560888828,Low_Risk
13971,2,-0.928688001,Low_Risk
13983,1,-0.862269,Low_Risk
13983,2,-0.844243966,Low_Risk
13985,1,0.218227875,Low_Risk
13985,2,0.092109424,Low_Risk
13988,1,-0.244713497,Low_Risk
13988,2,-0.877199411,Low_Risk
13994,2,0.142072721,Low_Risk
13999,1,0.364458208,Low_Risk
13999,2,0.065512744,Low_Risk
14005,1,-1,Low_Risk
14005,2,0.839481386,Low_Risk
14030,1,1,Low_Risk
14030,2,0.881357729,Low_Risk
14031,1,0.173061905,Low_Risk
14031,2,-0.016543081,Low_Risk
14032,1,0.201627404,Low_Risk
14032,2,-0.060283857,Low_Risk
14047,1,1,Low_Risk
14047,2,1,Low_Risk
14051,1,-0.015529033,Low_Risk
14051,2,0.464778492,Low_Risk
14056,1,0.027371199,Low_Risk
14056,2,-0.137858711,Low_Risk
14057,1,-0.31055798,Low_Risk
14057,2,-0.169075486,Low_Risk
14060,1,-0.265273055,Low_Risk
14060,2,-0.082859265,Low_Risk
14062,1,-0.771416392,Low_Risk
14062,2,0.169952282,Low_Risk
14071,1,-1,Low_Risk
14071,2,-0.744657205,Low_Risk
14083,1,1,Low_Risk
14083,2,0.971462047,Low_Risk
14085,1,-0.691578313,Low_Risk
14085,2,0.602544692,Low_Risk
14088,1,1,Low_Risk
14088,2,0.642792877,Low_Risk
14092,1,0.362875742,Low_Risk
14092,2,0.350390459,Low_Risk
14096,2,0.537247154,Low_Risk
14099,1,0.806534996,Low_Risk
14099,2,0.202395262,Low_Risk
14102,2,-0.136518994,Low_Risk
14110,1,-0.240515524,Low_Risk
14110,2,-0.277108096,Low_Risk
14112,1,-1,Low_Risk
14112,2,-0.692362903,Low_Risk
14113,1,0,Low_Risk
14113,2,0.213217314,Low_Risk
14121,2,0.358940768,Low_Risk
14132,1,0,Low_Risk
14132,2,0.222623849,Low_Risk
14135,1,-0.977469136,Low_Risk
14135,2,-0.175504856,Low_Risk
14141,2,-0.391134812,Low_Risk
14146,1,1,Low_Risk
14146,2,1,Low_Risk
14156,1,-0.572907,Low_Risk
14156,2,-0.591616505,Low_Risk
14159,1,1,Low_Risk
14159,2,0.072408156,Low_Risk
14178,1,0,Low_Risk
14178,2,0.749185161,Low_Risk
14180,1,-0.422956746,Low_Risk
14180,2,0.267242596,Low_Risk
14188,1,-1,Low_Risk
14188,2,-0.595292771,Low_Risk
14189,1,-0.461734426,Low_Risk
14189,2,0.339584769,Low_Risk
14191,1,1,Low_Risk
14191,2,0.286266789,Low_Risk
14194,1,0.249172414,Low_Risk
14194,2,0.257962313,Low_Risk
14198,1,0,Low_Risk
14198,2,-0.672477762,Low_Risk
14209,1,-0.357102054,Low_Risk
14209,2,-0.994570497,Low_Risk
14217,1,0.307385734,Low_Risk
14217,2,-0.059833637,Low_Risk
14227,1,-0.130060763,Low_Risk
14227,2,-0.468288162,Low_Risk
14235,1,-1,Low_Risk
14235,2,-0.504059488,Low_Risk
14243,1,-0.574885044,Low_Risk
14243,2,-0.593683044,Low_Risk
14251,2,-0.925956439,Low_Risk
14258,1,-0.597133413,Low_Risk
14258,2,-0.691378166,Low_Risk
14262,1,0,Low_Risk
14262,2,0.263752319,Low_Risk
14282,1,0.467279225,Low_Risk
14282,2,0.63544104,Low_Risk
14289,1,-0.906225475,Low_Risk
14289,2,-1,Low_Risk
14290,1,0,Low_Risk
14290,2,-0.045324879,Low_Risk
14291,1,-0.999187964,Low_Risk
14291,2,0.366060218,Low_Risk
14292,1,0.207498351,Low_Risk
14292,2,-0.705151646,Low_Risk
14298,1,0.194075547,Low_Risk
14298,2,-0.324472456,Low_Risk
14299,1,0,Low_Risk
14299,2,-0.629696235,Low_Risk
14309,1,0.575384084,Low_Risk
14309,2,0.798515902,Low_Risk
14321,1,-1,Low_Risk
14321,2,0.395504114,Low_Risk
14329,1,-0.156696942,Low_Risk
14329,2,0.070092218,Low_Risk
14334,1,-0.1368539,Low_Risk
14334,2,-0.990450455,Low_Risk
14367,1,-0.041782858,Low_Risk
14367,2,-0.783072288,Low_Risk
14388,1,1,Low_Risk
14388,2,0.001772188,Low_Risk
14389,1,1,Low_Risk
14389,2,0.09362173,Low_Risk
14390,1,-1,Low_Risk
14390,2,0.822188258,Low_Risk
14395,1,-0.202679573,Low_Risk
14395,2,-0.043715003,Low_Risk
14397,1,-1,Low_Risk
14397,2,0.747048772,Low_Risk
14401,1,1,Low_Risk
14401,2,-0.266599446,Low_Risk
14408,1,0.950731486,Low_Risk
14408,2,-0.750783252,Low_Risk
14410,1,-0.0236875,Low_Risk
14410,2,-0.539990433,Low_Risk
14415,1,0.26555423,Low_Risk
14415,2,0.575231594,Low_Risk
14419,1,0,Low_Risk
14419,2,0.589518219,Low_Risk
14422,1,1,Low_Risk
14422,2,-0.887633132,Low_Risk
14426,1,0.113375767,Low_Risk
14426,2,1,Low_Risk
14428,1,-1,Low_Risk
14428,2,0.317681795,Low_Risk
14432,2,0.82917221,Low_Risk
14440,1,0,Low_Risk
14440,2,0.708817771,Low_Risk
14441,1,0.825193879,Low_Risk
14441,2,-0.365903974,Low_Risk
14442,1,1,Low_Risk
14442,2,0,Low_Risk
14456,2,-0.414953552,Low_Risk
14493,2,0.042486861,Low_Risk
14502,1,0.722994701,Low_Risk
14502,2,0.970623419,Low_Risk
14503,1,0,Low_Risk
14503,2,0.285185725,Low_Risk
14505,1,0.969460185,Low_Risk
14505,2,1,Low_Risk
14511,2,0.872949806,Low_Risk
14524,1,0.699090248,Low_Risk
14524,2,-1,Low_Risk
14525,1,0.707113019,Low_Risk
14525,2,-0.566532169,Low_Risk
14527,1,-0.272756692,Low_Risk
14527,2,0.461629706,Low_Risk
14533,2,-0.177439369,Low_Risk
14534,1,0.42275774,Low_Risk
14534,2,-0.119081194,Low_Risk
14543,1,0.556757763,Low_Risk
14543,2,-0.38818264,Low_Risk
14546,1,-1,Low_Risk
14546,2,-0.625602832,Low_Risk
14547,2,0.013853748,Low_Risk
14560,1,-0.36950967,Low_Risk
14560,2,0.193818307,Low_Risk
14562,1,-0.828896787,Low_Risk
14562,2,0.199138441,Low_Risk
14572,1,1,Low_Risk
14572,2,-0.538355146,Low_Risk
14583,1,1,Low_Risk
14583,2,-1,Low_Risk
14587,1,-0.410870296,Low_Risk
14587,2,0,Low_Risk
14606,1,-0.844975095,Low_Risk
14606,2,-0.179143067,Low_Risk
14607,1,0,Low_Risk
14607,2,-1,Low_Risk
14621,1,0,Low_Risk
14621,2,0.386801095,Low_Risk
14626,1,0,Low_Risk
14626,2,-0.912329951,Low_Risk
14640,1,1,Low_Risk
14640,2,-0.07574817,Low_Risk
14646,1,-0.041508685,Low_Risk
14646,2,0.101223742,Low_Risk
14653,1,0,Low_Risk
14653,2,-0.8951161,Low_Risk
14655,1,0,Low_Risk
14655,2,-0.926504746,Low_Risk
14659,1,-0.561750637,Low_Risk
14659,2,-0.318614584,Low_Risk
14667,1,0.837821357,Low_Risk
14667,2,0.949788375,Low_Risk
14673,2,-1,Low_Risk
14676,1,0.773773169,Low_Risk
14676,2,-0.989502153,Low_Risk
14680,1,-0.223061095,Low_Risk
14680,2,-0.838459557,Low_Risk
14688,1,-0.454850617,Low_Risk
14688,2,0.741230045,Low_Risk
14696,1,-0.265901325,Low_Risk
14696,2,0.142024795,Low_Risk
14698,2,-0.980173545,Low_Risk
14701,1,-0.277828047,Low_Risk
14701,2,0,Low_Risk
14702,1,-0.541628669,Low_Risk
14702,2,0.404294328,Low_Risk
14704,1,0,Low_Risk
14704,2,0.643102661,Low_Risk
14709,1,-0.445161013,Low_Risk
14709,2,0.167246433,Low_Risk
14711,1,0.384401517,Low_Risk
14711,2,0.991097514,Low_Risk
14713,1,0.597136829,Low_Risk
14713,2,0.744106773,Low_Risk
14719,1,1,Low_Risk
14719,2,0.945192301,Low_Risk
14723,2,1,Low_Risk
14730,1,-0.611357292,Low_Risk
14730,2,0.116324879,Low_Risk
14732,1,0.197818223,Low_Risk
14732,2,0.536092958,Low_Risk
14733,1,-0.705998866,Low_Risk
14733,2,0.918656431,Low_Risk
14735,1,-0.112354039,Low_Risk
14735,2,0.502848448,Low_Risk
14739,1,1,Low_Risk
14739,2,-0.857024655,Low_Risk
14744,1,-0.997660888,Low_Risk
14744,2,1,Low_Risk
14755,1,-0.254819359,Low_Risk
14755,2,0.764805588,Low_Risk
14766,1,-0.934739068,Low_Risk
14766,2,-1,Low_Risk
14769,1,0.893487652,Low_Risk
14769,2,0.008334298,Low_Risk
14794,1,0.226253992,Low_Risk
14794,2,-1,Low_Risk
14796,1,0.063429915,Low_Risk
14796,2,-0.860676911,Low_Risk
14825,1,-0.792620181,Low_Risk
14825,2,0.264795156,Low_Risk
14834,1,0,Low_Risk
14834,2,0.842430005,Low_Risk
14849,1,0.741428644,Low_Risk
14849,2,0.642345258,Low_Risk
14866,2,0.613116992,Low_Risk
14868,1,0,Low_Risk
14868,2,0.351582116,Low_Risk
14875,1,0,Low_Risk
14875,2,-0.271363004,Low_Risk
14878,1,0.872975466,Low_Risk
14878,2,1,Low_Risk
14895,1,0.002432943,Low_Risk
14895,2,0.171503096,Low_Risk
14898,1,0.999382666,Low_Risk
14898,2,-1,Low_Risk
14901,2,0.222140943,Low_Risk
14903,1,-0.62373611,Low_Risk
14903,2,-1,Low_Risk
14907,2,-0.618304285,Low_Risk
14910,2,-0.741069793,Low_Risk
14911,1,0.766953904,Low_Risk
14911,2,0.043968523,Low_Risk
14931,1,0,Low_Risk
14931,2,-0.991589441,Low_Risk
14936,1,1,Low_Risk
14936,2,-0.132568231,Low_Risk
14944,1,-0.999982542,Low_Risk
14944,2,-0.063871697,Low_Risk
14961,1,0.054156945,Low_Risk
14961,2,0.328068297,Low_Risk
14963,1,0,Low_Risk
14963,2,1,Low_Risk
15005,1,0.982828553,Low_Risk
15005,2,0.850753124,Low_Risk
15021,1,0.463345685,Low_Risk
15021,2,0.131124906,Low_Risk
15023,1,0.788855074,Low_Risk
15023,2,0.198336654,Low_Risk
15024,1,0,Low_Risk
15024,2,0.84263539,Low_Risk
15033,1,-0.350730996,Low_Risk
15033,2,0.113859508,Low_Risk
15034,1,0.382205319,Low_Risk
15034,2,1,Low_Risk
15039,1,0.145175041,Low_Risk
15039,2,-0.430633171,Low_Risk
15044,1,0.167652803,Low_Risk
15044,2,0.77366573,Low_Risk
15046,1,-0.225692194,Low_Risk
15046,2,-0.143506981,Low_Risk
15058,1,0.171957005,Low_Risk
15058,2,0.70329035,Low_Risk
15061,1,0.012124281,Low_Risk
15061,2,0.581015839,Low_Risk
15078,1,-0.176172092,Low_Risk
15078,2,-0.59892729,Low_Risk
15089,2,-0.813288034,Low_Risk
15093,1,-0.347952198,Low_Risk
15093,2,-1,Low_Risk
15114,1,0.442087028,Low_Risk
15114,2,0.55274906,Low_Risk
15125,1,-0.50860052,Low_Risk
15125,2,-0.961734715,Low_Risk
15134,1,0.979393747,Low_Risk
15134,2,0.444458886,Low_Risk
15144,1,0.794712161,Low_Risk
15144,2,-0.051662848,Low_Risk
15150,1,1,Low_Risk
15150,2,0.087886962,Low_Risk
15152,1,0,Low_Risk
15152,2,0.463751333,Low_Risk
15157,2,0.343850637,Low_Risk
15159,1,0.57124041,Low_Risk
15159,2,0.310637022,Low_Risk
15172,1,-1,Low_Risk
15172,2,0.929954327,Low_Risk
15187,1,1,Low_Risk
15187,2,0.654917167,Low_Risk
15189,1,0.956088185,Low_Risk
15189,2,-0.569528812,Low_Risk
15194,1,-0.046923829,Low_Risk
15194,2,0.434816511,Low_Risk
15197,1,1,Low_Risk
15197,2,-1,Low_Risk
15208,1,0,Low_Risk
15208,2,0.824666882,Low_Risk
15214,1,-1,Low_Risk
15214,2,-0.10550538,Low_Risk
15218,1,0.776711576,Low_Risk
15218,2,-0.159279888,Low_Risk
15251,1,-0.801542081,Low_Risk
15251,2,-0.428628767,Low_Risk
15270,1,-1,Low_Risk
15270,2,1,Low_Risk
15271,1,0.231741543,Low_Risk
15271,2,-0.351982739,Low_Risk
15290,1,0.067335645,Low_Risk
15290,2,0.437602485,Low_Risk
15291,1,-0.303159916,Low_Risk
15291,2,1,Low_Risk
15298,1,0.474503481,Low_Risk
15298,2,-0.894169077,Low_Risk
15311,1,0.544574604,Low_Risk
15311,2,-0.088653397,Low_Risk
15344,2,-0.371938197,Low_Risk
15351,2,-0.529208734,Low_Risk
15356,1,0.769933885,Low_Risk
15356,2,-0.897621937,Low_Risk
15358,1,-0.750796864,Low_Risk
15358,2,0.263115663,Low_Risk
15365,1,0,Low_Risk
15365,2,-0.524785876,Low_Risk
15373,1,0.745035281,Low_Risk
15373,2,0.91997992,Low_Risk
15380,2,0.085986689,Low_Risk
15382,1,-0.981239558,Low_Risk
15382,2,-1,Low_Risk
15392,2,0.117688635,Low_Risk
15434,1,0,Low_Risk
15434,2,-0.582250404,Low_Risk
15443,1,0,Low_Risk
15443,2,0.462524611,Low_Risk
15453,1,0,Low_Risk
15453,2,0.272393134,Low_Risk
15465,1,-0.416270412,Low_Risk
15465,2,-0.023929137,Low_Risk
15473,2,-1,Low_Risk
15482,1,-1,Low_Risk
15482,2,1,Low_Risk
15484,2,-0.583600759,Low_Risk
15498,1,-0.316648809,Low_Risk
15498,2,-0.421084437,Low_Risk
15502,1,-1,Low_Risk
15502,2,0.147225961,Low_Risk
15513,1,0.259098775,Low_Risk
15513,2,0.109927453,Low_Risk
15514,1,1,Low_Risk
15514,2,0,Low_Risk
15527,1,-0.878216661,Low_Risk
15527,2,0.939258038,Low_Risk
15529,1,0.088989312,Low_Risk
15529,2,-0.304046324,Low_Risk
15544,1,-0.974521027,Low_Risk
15544,2,-0.107993538,Low_Risk
15547,1,0.430881846,Low_Risk
15547,2,-0.009726466,Low_Risk
15555,1,0.994385853,Low_Risk
15555,2,0.70882161,Low_Risk
15563,1,0,Low_Risk
15563,2,-1,Low_Risk
15570,1,-0.990200469,Low_Risk
15570,2,0.136957471,Low_Risk
15572,1,-1,Low_Risk
15572,2,-0.558028595,Low_Risk
15601,1,-0.862791808,Low_Risk
15601,2,-0.133981905,Low_Risk
15602,1,-0.137096942,Low_Risk
15602,2,0.172158992,Low_Risk
15611,1,0.814590844,Low_Risk
15611,2,-0.447739117,Low_Risk
15615,1,0.837853086,Low_Risk
15615,2,0.783753768,Low_Risk
15621,2,-1,Low_Risk
15622,1,-0.545329066,Low_Risk
15622,2,-0.999999974,Low_Risk
15628,1,-1,Low_Risk
15628,2,-0.159907977,Low_Risk
15632,1,-0.99444696,Low_Risk
15632,2,-0.065674601,Low_Risk
15640,1,0.582484701,Low_Risk
15640,2,0.498796012,Low_Risk
15660,1,1,Low_Risk
15660,2,0.705509392,Low_Risk
15671,1,-1,Low_Risk
15671,2,0.824639569,Low_Risk
15676,1,-1,Low_Risk
15676,2,0,Low_Risk
15687,1,-0.483346609,Low_Risk
15687,2,-0.941067415,Low_Risk
15694,1,0.546526822,Low_Risk
15694,2,-0.886357739,Low_Risk
15712,1,-1,Low_Risk
15712,2,-0.31633281,Low_Risk
15737,1,-1,Low_Risk
15737,2,-0.823214445,Low_Risk
15738,1,-0.571122918,Low_Risk
15738,2,0.362109253,Low_Risk
15745,1,0,Low_Risk
15745,2,-0.235759668,Low_Risk
15750,1,1,Low_Risk
15750,2,-0.73680729,Low_Risk
15755,1,-1,Low_Risk
15755,2,-0.793017002,Low_Risk
15769,1,-0.378595864,Low_Risk
15769,2,-0.22907096,Low_Risk
15785,1,-0.585357049,Low_Risk
15785,2,1,Low_Risk
15796,1,0.09200371,Low_Risk
15796,2,0.913785085,Low_Risk
15804,1,1,Low_Risk
15804,2,-0.174675143,Low_Risk
15805,1,-0.238150891,Low_Risk
15805,2,0.145194109,Low_Risk
15811,1,0.07024804,Low_Risk
15811,2,-1,Low_Risk
15814,2,-0.963869289,Low_Risk
15838,1,0.364089367,Low_Risk
15838,2,0.370921992,Low_Risk
15845,1,-0.288102183,Low_Risk
15845,2,0.811936721,Low_Risk
15854,1,0.916448675,Low_Risk
15854,2,-0.762323399,Low_Risk
15856,1,-0.309923638,Low_Risk
15856,2,0.930844197,Low_Risk
15861,1,0,Low_Risk
15861,2,0.78529043,Low_Risk
15864,1,0.058168651,Low_Risk
15864,2,-0.910500535,Low_Risk
15867,1,-0.020256098,Low_Risk
15867,2,-0.821485826,Low_Risk
15898,1,-0.537049978,Low_Risk
15898,2,0,Low_Risk
15903,1,0.674092673,Low_Risk
15903,2,1,Low_Risk
15906,1,-1,Low_Risk
15906,2,0.394028975,Low_Risk
15910,1,-0.858677886,Low_Risk
15910,2,0.258967117,Low_Risk
15916,1,-0.974566845,Low_Risk
15916,2,1,Low_Risk
15932,1,-0.845393416,Low_Risk
15932,2,0.949159904,Low_Risk
15950,2,-0.750441033,Low_Risk
15953,1,-0.162849039,Low_Risk
15953,2,1,Low_Risk
15955,1,-0.954346257,Low_Risk
15955,2,-0.52591143,Low_Risk
15971,1,-0.985541289,Low_Risk
15971,2,0.077211085,Low_Risk
15981,1,-0.040832079,Low_Risk
15981,2,0.848630603,Low_Risk
15984,1,0.843614201,Low_Risk
15984,2,-0.170139913,Low_Risk
15993,2,-0.869168829,Low_Risk
16011,1,0.266186703,Low_Risk
16011,2,0.220709223,Low_Risk
16013,1,0.280656467,Low_Risk
16013,2,0.140876396,Low_Risk
16016,1,-1,Low_Risk
16016,2,0.286693481,Low_Risk
16019,1,-0.60155927,Low_Risk
16019,2,-0.524207742,Low_Risk
16033,1,0.278686412,Low_Risk
16033,2,-0.278777211,Low_Risk
16057,1,-0.227439406,Low_Risk
16057,2,-0.519121946,Low_Risk
16076,1,0,Low_Risk
16076,2,-0.430091943,Low_Risk
16103,1,-1,Low_Risk
16103,2,-0.990561718,Low_Risk
16115,1,-0.152712414,Low_Risk
16115,2,-0.728601333,Low_Risk
16133,1,0.377547579,Low_Risk
16133,2,-0.411845913,Low_Risk
16143,1,-1,Low_Risk
16143,2,1,Low_Risk
16145,1,-0.440861851,Low_Risk
16145,2,0.22186097,Low_Risk
16156,1,0.924488339,Low_Risk
16156,2,-0.21732001,Low_Risk
16161,1,0.267082947,Low_Risk
16161,2,0.01962215,Low_Risk
16168,1,0.401359484,Low_Risk
16168,2,0.293861944,Low_Risk
16186,1,-0.999999384,Low_Risk
16186,2,-0.193643396,Low_Risk
16191,1,-0.721652622,Low_Risk
16191,2,-0.015913646,Low_Risk
16201,2,0.918959596,Low_Risk
16210,1,0.645940692,Low_Risk
16210,2,0.787261752,Low_Risk
16218,1,-0.035075078,Low_Risk
16218,2,-0.724861349,Low_Risk
16240,2,-0.73324242,Low_Risk
16241,1,0.192582309,Low_Risk
16241,2,0.569832943,Low_Risk
16242,1,0.678473987,Low_Risk
16242,2,-0.325483253,Low_Risk
16255,1,-0.953490615,Low_Risk
16255,2,-0.127873998,Low_Risk
16265,1,-0.895125949,Low_Risk
16265,2,0.286705261,Low_Risk
16271,2,-0.444537007,Low_Risk
16283,1,0,Low_Risk
16283,2,0.283725845,Low_Risk
16293,1,1,Low_Risk
16293,2,-0.703820198,Low_Risk
16326,1,-0.433420254,Low_Risk
16326,2,0.459218512,Low_Risk
16332,1,0,Low_Risk
16332,2,-0.249084796,Low_Risk
16333,1,0.090712157,Low_Risk
16333,2,0.402016335,Low_Risk
16353,1,0.360533324,Low_Risk
16353,2,0.372580457,Low_Risk
16358,1,0,Low_Risk
16358,2,-0.816153974,Low_Risk
16359,1,0.34012722,Low_Risk
16359,2,-0.616800116,Low_Risk
16360,2,0.449909886,Low_Risk
16365,1,0,Low_Risk
16365,2,0.776189143,Low_Risk
16379,2,0.111685252,Low_Risk
16393,1,-0.558062419,Low_Risk
16393,2,-0.220859548,Low_Risk
16401,1,0.214531585,Low_Risk
16401,2,0.299183293,Low_Risk
16407,1,-0.649255585,Low_Risk
16407,2,-0.006840063,Low_Risk
16422,1,0.919852853,Low_Risk
16422,2,-0.718005897,Low_Risk
16426,1,0,Low_Risk
16426,2,0.750814394,Low_Risk
16438,2,-0.025857916,Low_Risk
16440,1,0,Low_Risk
16440,2,-0.77835234,Low_Risk
16458,1,0.147184235,Low_Risk
16458,2,0.119254639,Low_Risk
16474,2,-0.0836525,Low_Risk
16500,1,0,Low_Risk
16500,2,-1,Low_Risk
16523,1,-0.241160465,Low_Risk
16523,2,0.052692503,Low_Risk
16525,1,0.371588455,Low_Risk
16525,2,-0.007386089,Low_Risk
16549,1,0,Low_Risk
16549,2,0.808781738,Low_Risk
16554,1,1,Low_Risk
16554,2,-1,Low_Risk
16558,1,0.157268836,Low_Risk
16558,2,0.529384116,Low_Risk
16570,1,0.574115893,Low_Risk
16570,2,0.329607432,Low_Risk
16571,1,1,Low_Risk
16571,2,0.246756565,Low_Risk
16592,1,-0.713175883,Low_Risk
16592,2,0.27258876,Low_Risk
16600,1,-1,Low_Risk
16600,2,0.976618363,Low_Risk
16607,1,-0.294348962,Low_Risk
16607,2,0.328159838,Low_Risk
16609,1,1,Low_Risk
16609,2,0.695870712,Low_Risk
16626,1,1,Low_Risk
16626,2,0.849095109,Low_Risk
16638,1,0.797827336,Low_Risk
16638,2,-0.704315221,Low_Risk
16656,1,0.831066689,Low_Risk
16656,2,-0.922412748,Low_Risk
16670,1,0.771823309,Low_Risk
16670,2,-0.102566303,Low_Risk
16672,1,0.446344322,Low_Risk
16672,2,-0.541957254,Low_Risk
16678,1,0.998255649,Low_Risk
16678,2,0.553446299,Low_Risk
16682,1,0,Low_Risk
16682,2,-0.048989294,Low_Risk
16684,1,-0.692164586,Low_Risk
16684,2,-0.185497567,Low_Risk
16700,1,0.114671499,Low_Risk
16700,2,-0.559387273,Low_Risk
16701,1,0.247525635,Low_Risk
16701,2,-0.306685237,Low_Risk
16705,1,0.377353105,Low_Risk
16705,2,-0.547872809,Low_Risk
16710,1,1,Low_Risk
16710,2,0.958106339,Low_Risk
16711,1,0,Low_Risk
16711,2,0.241187212,Low_Risk
16712,1,-0.997159903,Low_Risk
16712,2,0.967614395,Low_Risk
16713,1,-0.121257733,Low_Risk
16713,2,0.837050348,Low_Risk
16717,1,1,Low_Risk
16717,2,0.981302273,Low_Risk
16719,1,0.942351147,Low_Risk
16719,2,-0.218311899,Low_Risk
16722,1,-0.05075424,Low_Risk
16722,2,-0.194594907,Low_Risk
16743,1,-1,Low_Risk
16743,2,-0.681448885,Low_Risk
16746,1,0.677167672,Low_Risk
16746,2,-0.422782578,Low_Risk
16764,2,0.290806658,Low_Risk
16767,1,-0.808119634,Low_Risk
16767,2,0.784694738,Low_Risk
16775,1,-0.974940602,Low_Risk
16775,2,-0.423288382,Low_Risk
16779,1,0.171256707,Low_Risk
16779,2,0.578030081,Low_Risk
16782,1,-0.940488912,Low_Risk
16782,2,0.134436051,Low_Risk
16790,2,-1,Low_Risk
16791,1,-0.763982175,Low_Risk
16791,2,0.994010842,Low_Risk
16794,1,0,Low_Risk
16794,2,-0.045340454,Low_Risk
16813,1,1,Low_Risk
16813,2,-0.670299668,Low_Risk
16814,1,-0.462646706,Low_Risk
16814,2,0.211113439,Low_Risk
16817,1,-0.043689313,Low_Risk
16817,2,1,Low_Risk
16818,1,-1,Low_Risk
16818,2,-0.285974207,Low_Risk
16837,1,1,Low_Risk
16837,2,0.83497135,Low_Risk
16839,1,0.139386345,Low_Risk
16839,2,-0.224893871,Low_Risk
16873,1,-0.843670631,Low_Risk
16873,2,0.991365408,Low_Risk
16891,2,-0.911353915,Low_Risk
16892,1,1,Low_Risk
16892,2,-1,Low_Risk
16899,1,0,Low_Risk
16899,2,0.715364558,Low_Risk
16904,1,0.838382263,Low_Risk
16904,2,-0.021321639,Low_Risk
16905,1,-1,Low_Risk
16905,2,-0.998571585,Low_Risk
16910,2,-0.917252298,Low_Risk
16912,1,-0.014860219,Low_Risk
16912,2,-0.069990716,Low_Risk
16915,1,-0.344159443,Low_Risk
16915,2,-0.999595592,Low_Risk
16923,1,-0.045248652,Low_Risk
16923,2,0.888233779,Low_Risk
16929,2,0.387627914,Low_Risk
16931,1,0.194627614,Low_Risk
16931,2,-0.114574731,Low_Risk
16933,1,0,Low_Risk
16933,2,0,Low_Risk
16938,1,1,Low_Risk
16938,2,0,Low_Risk
16942,1,0.907335881,Low_Risk
16942,2,1,Low_Risk
16945,1,-0.775526453,Low_Risk
16945,2,0.714171846,Low_Risk
16949,1,0.975503723,Low_Risk
16949,2,-1,Low_Risk
16954,1,0,Low_Risk
16954,2,0.271174256,Low_Risk
16966,1,-0.196416393,Low_Risk
16966,2,0.970953757,Low_Risk
16979,1,0,Low_Risk
16979,2,0.36726023,Low_Risk
16983,1,0.87435451,Low_Risk
16983,2,1,Low_Risk
16985,1,0.690127757,Low_Risk
16985,2,0.764262037,Low_Risk
16987,1,1,Low_Risk
16987,2,-1,Low_Risk
16989,2,-0.838371677,Low_Risk
16992,1,-1,Low_Risk
16992,2,1,Low_Risk
16996,1,1,Low_Risk
16996,2,1,Low_Risk
17001,1,0.356557286,Low_Risk
17001,2,0.764489026,Low_Risk
17017,1,0.412303134,Low_Risk
17017,2,0.609465884,Low_Risk
17042,1,-1,Low_Risk
17042,2,-0.77740311,Low_Risk
17049,1,-1,Low_Risk
17049,2,0.020347268,Low_Risk
17063,1,0.372283654,Low_Risk
17063,2,-0.344250385,Low_Risk
17068,1,-0.386790672,Low_Risk
17068,2,0.024124818,Low_Risk
17069,1,0,Low_Risk
17069,2,0.99798301,Low_Risk
17071,1,-0.198720574,Low_Risk
17071,2,-0.518447696,Low_Risk
17086,2,-0.359844904,Low_Risk
17090,1,-1,Low_Risk
17090,2,-0.820050145,Low_Risk
17091,1,0.21245209,Low_Risk
17091,2,-0.782362345,Low_Risk
17096,1,0,Low_Risk
17096,2,0.269091315,Low_Risk
17097,1,0,Low_Risk
17097,2,-0.991326813,Low_Risk
17109,1,0,Low_Risk
17109,2,1,Low_Risk
17114,1,-0.92173137,Low_Risk
17114,2,-0.600130976,Low_Risk
17115,1,-1,Low_Risk
17115,2,0,Low_Risk
17131,2,0.140193433,Low_Risk
17139,1,-0.58361341,Low_Risk
17139,2,-0.594601361,Low_Risk
17162,1,-0.150664481,Low_Risk
17162,2,-1,Low_Risk
17173,2,0.516787861,Low_Risk
17183,2,0.483850915,Low_Risk
17188,1,-0.217147314,Low_Risk
17188,2,0,Low_Risk
17211,1,-0.450599606,Low_Risk
17211,2,1,Low_Risk
17218,1,1,Low_Risk
17218,2,-0.615678178,Low_Risk
17220,1,0.829964658,Low_Risk
17220,2,-0.474334118,Low_Risk
17228,1,1,Low_Risk
17228,2,0.962081945,Low_Risk
17231,1,0.837260459,Low_Risk
17231,2,0.900248485,Low_Risk
17238,1,0.110901109,Low_Risk
17238,2,0.604497722,Low_Risk
17243,1,-0.336521413,Low_Risk
17243,2,0.57150111,Low_Risk
17288,1,0.798925666,Low_Risk
17288,2,0,Low_Risk
17293,1,0,Low_Risk
17293,2,0.230163778,Low_Risk
17306,1,0.352107655,Low_Risk
17306,2,0.702390025,Low_Risk
17314,1,0.82836209,Low_Risk
17314,2,0.560017828,Low_Risk
17315,1,-0.437862398,Low_Risk
17315,2,-0.554025582,Low_Risk
17323,1,-0.46558413,Low_Risk
17323,2,0.986025028,Low_Risk
17338,1,-0.749664751,Low_Risk
17338,2,0.961521722,Low_Risk
17340,1,-0.967253233,Low_Risk
17340,2,0.814034522,Low_Risk
17346,1,0.969358595,Low_Risk
17346,2,0.105487056,Low_Risk
17350,2,-1,Low_Risk
17364,1,0.724719877,Low_Risk
17364,2,0.552838361,Low_Risk
17365,1,-0.82178004,Low_Risk
17365,2,-0.987846067,Low_Risk
17368,1,0.957018614,Low_Risk
17368,2,1,Low_Risk
17377,1,-0.839423663,Low_Risk
17377,2,0.907694568,Low_Risk
17381,1,-0.063994794,Low_Risk
17381,2,-0.882185628,Low_Risk
17386,1,0,Low_Risk
17386,2,0.33573321,Low_Risk
17389,1,0.408273778,Low_Risk
17389,2,0.729960286,Low_Risk
17402,1,0.968856411,Low_Risk
17402,2,-0.310648538,Low_Risk
17404,1,-0.192219268,Low_Risk
17404,2,-0.575142239,Low_Risk
17405,2,-0.60725497,Low_Risk
17412,1,-1,Low_Risk
17412,2,0.633480952,Low_Risk
17416,1,-0.999999526,Low_Risk
17416,2,0.434538801,Low_Risk
17419,1,0.318325277,Low_Risk
17419,2,0.500570801,Low_Risk
17422,1,0.818342238,Low_Risk
17422,2,0.08926661,Low_Risk
17426,1,1,Low_Risk
17426,2,-1,Low_Risk
17428,1,0.553077704,Low_Risk
17428,2,-0.185616398,Low_Risk
17434,2,0.117669293,Low_Risk
17442,1,0.025550675,Low_Risk
17442,2,-0.785385309,Low_Risk
17449,1,-1,Low_Risk
17449,2,0.439279499,Low_Risk
17450,1,-0.145436295,Low_Risk
17450,2,-0.129077241,Low_Risk
17451,2,0.143230311,Low_Risk
17481,2,0.209644753,Low_Risk
17490,1,0,Low_Risk
17490,2,0.059520212,Low_Risk
17491,1,-0.513160374,Low_Risk
17491,2,0.390796838,Low_Risk
17511,1,-0.079162053,Low_Risk
17511,2,0.243905591,Low_Risk
17512,1,-0.984907817,Low_Risk
17512,2,0.820440763,Low_Risk
17522,1,1,Low_Risk
17522,2,1,Low_Risk
17526,1,-0.785629676,Low_Risk
17526,2,0,Low_Risk
17528,2,-0.817345443,Low_Risk
17530,1,-0.256898501,Low_Risk
17530,2,-0.766460669,Low_Risk
17554,2,-0.890434975,Low_Risk
17562,1,0,Low_Risk
17562,2,-0.085260887,Low_Risk
17567,1,-0.242073743,Low_Risk
17567,2,0.124951074,Low_Risk
17576,1,0.475198558,Low_Risk
17576,2,-0.014118169,Low_Risk
17581,1,0.976234955,Low_Risk
17581,2,0.358776643,Low_Risk
17593,1,0,Low_Risk
17593,2,-0.318232945,Low_Risk
17602,1,0,Low_Risk
17602,2,0.501323174,Low_Risk
17611,1,-0.943560327,Low_Risk
17611,2,0.25094925,Low_Risk
17613,1,-0.848493306,Low_Risk
17613,2,0.079329811,Low_Risk
17629,1,-0.321013292,Low_Risk
17629,2,0.252512551,Low_Risk
17644,1,0.116989355,Low_Risk
17644,2,-0.06898308,Low_Risk
17651,1,0,Low_Risk
17651,2,0.412854892,Low_Risk
17652,1,0.975527822,Low_Risk
17652,2,0.488589338,Low_Risk
17655,1,-1,Low_Risk
17655,2,0.709817109,Low_Risk
17659,1,0.149882108,Low_Risk
17659,2,-0.204194121,Low_Risk
17663,1,-0.83010023,Low_Risk
17663,2,0.919404702,Low_Risk
17673,1,0.426237673,Low_Risk
17673,2,-1,Low_Risk
17675,1,0.108708426,Low_Risk
17675,2,-0.238259329,Low_Risk
17676,2,-0.65804009,Low_Risk
17677,1,0.490231274,Low_Risk
17677,2,-0.668641057,Low_Risk
17682,1,-0.491781252,Low_Risk
17682,2,0.997845706,Low_Risk
17686,1,-1,Low_Risk
17686,2,-0.624580769,Low_Risk
17690,1,-0.089568896,Low_Risk
17690,2,0.748999032,Low_Risk
17705,1,-0.875799002,Low_Risk
17705,2,0.03135053,Low_Risk
17706,1,1,Low_Risk
17706,2,-0.759330505,Low_Risk
17716,1,0.99406204,Low_Risk
17716,2,-0.34552276,Low_Risk
17725,1,-0.382659533,Low_Risk
17725,2,-0.356464367,Low_Risk
17728,2,-0.033311366,Low_Risk
17730,1,0.848746312,Low_Risk
17730,2,-0.191704736,Low_Risk
17735,1,0.555946045,Low_Risk
17735,2,-0.72614532,Low_Risk
17739,1,-0.533591137,Low_Risk
17739,2,0.649585493,Low_Risk
17744,1,-1,Low_Risk
17744,2,1,Low_Risk
17750,1,0,Low_Risk
17750,2,-0.882407413,Low_Risk
17754,1,0,Low_Risk
17754,2,-0.024729645,Low_Risk
17757,1,0.189902059,Low_Risk
17757,2,0.517624308,Low_Risk
17758,1,-1,Low_Risk
17758,2,0.872239144,Low_Risk
17769,1,0.984925744,Low_Risk
17769,2,0.952522385,Low_Risk
17790,1,0.723712352,Low_Risk
17790,2,0.530539496,Low_Risk
17799,1,-0.048799456,Low_Risk
17799,2,1,Low_Risk
17809,1,-0.739319409,Low_Risk
17809,2,0.659460517,Low_Risk
17811,1,-0.522108506,Low_Risk
17811,2,0.492117227,Low_Risk
17827,1,0,Low_Risk
17827,2,0,Low_Risk
17828,1,0,Low_Risk
17828,2,-0.019409774,Low_Risk
17841,1,0.775443632,Low_Risk
17841,2,0.15896356,Low_Risk
17856,1,-1,Low_Risk
17856,2,0,Low_Risk
17857,1,0.025750901,Low_Risk
17857,2,0.221276963,Low_Risk
17858,1,0.764391275,Low_Risk
17858,2,0.632155056,Low_Risk
17861,1,-1,Low_Risk
17861,2,-0.938967862,Low_Risk
17865,1,-0.650008384,Low_Risk
17865,2,-0.171589708,Low_Risk
17867,1,1,Low_Risk
17867,2,-0.160758294,Low_Risk
17870,2,0.594682351,Low_Risk
17888,1,-1,Low_Risk
17888,2,0.661970964,Low_Risk
17920,1,0.6254022,Low_Risk
17920,2,0.2628741,Low_Risk
17924,1,0,Low_Risk
17924,2,-0.923926671,Low_Risk
17929,1,1,Low_Risk
17929,2,-0.31458259,Low_Risk
17937,1,1,Low_Risk
17937,2,0.970765923,Low_Risk
17949,1,0.746961712,Low_Risk
17949,2,-0.53407877,Low_Risk
17954,1,0.662646799,Low_Risk
17954,2,0.383937872,Low_Risk
17961,1,0.841814243,Low_Risk
17961,2,-0.684171522,Low_Risk
17975,1,-0.187227419,Low_Risk
17975,2,-0.9878088,Low_Risk
17988,1,0,Low_Risk
17988,2,0.656868784,Low_Risk
18041,1,-0.658729549,Low_Risk
18041,2,0.971281904,Low_Risk
18044,1,-0.269409768,Low_Risk
18044,2,-0.961984212,Low_Risk
18055,1,1,Low_Risk
18055,2,0.365012558,Low_Risk
18061,1,-0.483342265,Low_Risk
18061,2,-0.658505698,Low_Risk
18065,1,-0.732180683,Low_Risk
18065,2,-1,Low_Risk
18075,1,-0.079513964,Low_Risk
18075,2,0.615021724,Low_Risk
18077,1,-0.68324236,Low_Risk
18077,2,-0.992755984,Low_Risk
18092,1,0.731305485,Low_Risk
18092,2,-0.59399866,Low_Risk
18097,1,1,Low_Risk
18097,2,1,Low_Risk
18102,1,0.743010683,Low_Risk
18102,2,0.01188645,Low_Risk
18109,1,0.693542064,Low_Risk
18109,2,0.823786496,Low_Risk
18118,1,0.34771171,Low_Risk
18118,2,0.99196728,Low_Risk
18122,2,0.834418796,Low_Risk
18139,2,0,Low_Risk
18144,1,0.629231409,Low_Risk
18144,2,0.080075176,Low_Risk
18161,1,-1,Low_Risk
18161,2,0.998307765,Low_Risk
18167,2,-0.043146176,Low_Risk
18172,1,-0.535962824,Low_Risk
18172,2,0.062680609,Low_Risk
18179,1,-0.977953763,Low_Risk
18179,2,-1,Low_Risk
18180,2,-0.842126389,Low_Risk
18198,1,0.655245622,Low_Risk
18198,2,0.439751099,Low_Risk
18210,1,0,Low_Risk
18210,2,-0.94163162,Low_Risk
18219,1,0.991687487,Low_Risk
18219,2,0.292284172,Low_Risk
18223,1,-0.626830619,Low_Risk
18223,2,-0.003727936,Low_Risk
18225,1,0.506484116,Low_Risk
18225,2,-0.153690163,Low_Risk
18229,1,0.817820226,Low_Risk
18229,2,0.26138414,Low_Risk
18230,1,-0.841209706,Low_Risk
18230,2,1,Low_Risk
18237,2,-0.888449086,Low_Risk
18241,1,-1,Low_Risk
18241,2,-0.288326802,Low_Risk
18245,1,0.371251076,Low_Risk
18245,2,1,Low_Risk
18272,1,-1,Low_Risk
18272,2,-0.556847228,Low_Risk
18283,1,0.216635865,Low_Risk
18283,2,0.439864608,Low_Risk
