12347,0.0646277457125198
12348,0
12349,0
12352,-1
12356,0
12357,0
12358,1
12359,-0.221773474343627
12360,1
12362,0.214909324435318
12363,0
12364,-0.333465729912874
12367,0
12370,0
12371,0
12372,0
12374,0
12375,-0.760852993813144
12378,0
12379,0.0625405183342557
12380,0.431315016269138
12381,-0.786505712105509
12383,0
12384,0.184715754087214
12388,-0.915285299261807
12390,0
12391,0
12393,0
12394,0
12395,0.839282224283837
12397,-1
12398,0
12399,1
12403,0
12405,0
12406,0.196224612416571
12407,-1
12408,0.749991737902969
12409,-0.384404774683717
12412,-0.874769684467449
12413,0
12415,-0.363710423908873
12417,-0.488502857595627
12418,0
12420,0
12421,-0.95434493495221
12422,-1
12423,0.373497854741798
12424,0
12425,0
12427,-1
12428,-0.993819365327649
12429,-1
12430,0
12431,0.409485105701201
12432,-1
12433,0.372935899301473
12434,0
12435,0
12436,0
12437,0.0952348677749833
12438,1
12442,0
12444,-0.67112105430299
12445,0
12446,0
12448,0
12449,0.861684889212475
12450,-1
12451,-0.242295973813945
12452,0
12453,0
12454,0
12455,0.0345982701740395
12456,-0.11344884902938
12457,0.00580321154681338
12458,0
12461,-1
12462,-1
12463,-1
12464,0.990915222772691
12465,-0.833660043153217
12468,-1
12471,0.693942285078363
12472,-0.360429726534055
12473,0.0232330301320408
12474,0.635461783520931
12475,0
12476,0.163106963809058
12477,-0.309276780923863
12478,0
12479,-1
12480,1
12481,-0.433762676250307
12483,0.609484977767965
12484,-0.548842909307895
12488,-0.0489687769594406
12490,0.457882204171813
12491,0
12492,1
12493,0
12494,0.151481282363277
12497,0
12498,-1
12500,0.569770053490513
12502,1
12504,0
12507,0
12508,0
12510,0
12512,0
12513,-1
12516,1
12517,-0.705983994236063
12518,0.00681646873583345
12519,0
12520,1
12521,0
12522,0
12523,-0.373683143584457
12524,0.344931241605096
12526,-0.947408326797248
12527,0
12528,0.693165979717636
12530,1
12531,0
12532,0
12534,0
12535,-1
12536,-1
12538,0
12539,0
12540,0.495211412959857
12541,1
12544,0
12545,0
12546,-1
12548,0
12550,0
12552,-1
12553,0.250796884871634
12556,-1
12557,-1
12558,0
12560,-0.195607039521421
12562,0.373655542514137
12566,0
12567,-0.327735363038015
12569,0.872055577834462
12571,1
12572,-1
12576,0.974411104016545
12577,0
12578,0
12579,0
12581,0
12583,0.43202826402823
12584,0.356994298039999
12586,0
12587,0
12588,0
12589,1
12590,0
12592,0
12593,0
12594,0.170280255738402
12596,0
12597,-0.0752714950822687
12598,0.898164282111049
12599,0.58966993817678
12600,0.440125123402338
12601,0
12602,0
12603,0
12604,0
12607,0
12609,-1
12610,-0.999425978787458
12611,0
12612,-1
12613,-1
12615,-0.555743775559393
12616,0
12617,0
12618,0
12619,0.590411217382943
12620,1
12621,0.135495919758256
12624,1
12626,-0.211489022822156
12627,-0.218495152186056
12628,-0.890115498719717
12630,-1
12631,0
12633,0.858791771988324
12635,1
12637,0.0733616811777089
12638,0
12640,-1
12641,0
12642,-0.325280571975402
12643,1
12644,0
12645,0.104848030389178
12646,-1
12647,0.250199782575905
12648,0
12649,0
12650,0
12653,0
12654,0
12656,-0.825618306830385
12657,0.103773420623362
12658,0
12659,0
12660,0
12662,-0.503523996661979
12664,0.586718999111476
12667,0
12668,-1
12669,0
12670,1
12673,0
12674,0.90903372826518
12676,0.869117415482218
12678,0.605839908960568
12679,1
12680,-0.995604371991526
12681,0.547802078159568
12682,0.18902646681372
12683,-0.22111612363706
12684,-0.563243887432706
12685,-0.922327454524831
12688,0
12689,1
12691,0.426222828075086
12693,0
12694,-1
12695,-0.999917499212964
12697,-0.412718319350906
12700,0.697800791588342
12701,0
12702,0
12703,-1
12704,-0.0139773039509207
12705,0.644748862068454
12708,-0.172601548818439
12709,-0.440317313705904
12710,0.995460318188249
12712,-0.789553079501353
12713,0
12714,0.923651676505623
12715,0
12716,-1
12717,0
12718,0
12719,1
12720,0.601714210138688
12721,-0.0391602963068263
12722,-0.243810000591224
12723,-0.762671331053935
12724,0.19040728808459
12726,0.803611424893152
12727,-0.674207470387306
12728,0
12729,0
12731,0.290326320364242
12732,0
12739,0
12740,0
12743,0
12744,-1
12747,0.232689820228348
12748,0.392485456549968
12749,-0.925136597411634
12750,0
12752,0
12753,-0.111867198769203
12756,0
12757,0.539981441235931
12758,0
12759,-1
12762,1
12763,0
12766,-0.24772248064342
12772,0
12775,-1
12778,0.943416361724291
12779,1
12781,-1
12782,-1
12783,-0.177893914685045
12784,0
12785,0
12787,-1
12789,0
12794,1
12795,0
12798,0.692446256465995
12802,0
12808,1
12809,0
12812,0
12814,0
12815,0
12816,-1
12818,0
12820,-0.241299711060209
12822,0
12823,1
12824,0
12826,0.422686987550136
12827,-0.827883925176879
12828,0.401240458092731
12830,-0.902632474979678
12832,-1
12833,0
12836,1
12837,0
12838,0
12839,0.619706911787988
12840,1
12841,-0.257926749386614
12842,0
12843,-0.913917070726319
12844,-1
12847,0
12849,0
12851,0
12853,0
12854,0
12856,-0.986633703769632
12863,0
12864,0
12865,-1
12867,0.867534590420786
12868,0
12871,0
12875,0
12876,0
12877,-0.266657536837062
12878,0
12879,-1
12882,0
12883,1
12884,0
12885,-1
12886,0
12890,0
12891,0
12893,0
12895,-1
12901,0.21338083154968
12904,1
12906,-1
12908,0
12909,0.971599727186782
12910,0.579445163596703
12912,0.998221195418488
12913,-1
12915,0
12916,0
12917,0
12919,0.565096850669897
12920,0
12921,0.129543885882484
12922,0
12923,0
12924,0
12925,-1
12928,0.637429219927888
12929,0
12930,0.0878532219996714
12931,-0.853271273668325
12933,1
12935,-0.330250461302127
12936,-1
12937,1
12938,0
12939,0.840314089158976
12940,1
12942,0
12944,0
12947,-1
12948,-0.916521657454048
12949,-1
12950,1
12951,1
12952,-0.712658443784275
12953,0
12955,0.578719905072577
12957,-0.13486694788357
12962,-1
12963,0.309457817763814
12965,0
12966,0
12967,0
12968,0
12970,0
12971,-0.127280458012262
12977,0
12980,-1
12981,-1
12984,0
12985,-1
12987,1
12989,-0.704611012272333
12990,-1
12991,-1
12993,-1
12994,1
12995,0
12997,1
13000,0
13001,-0.0499479827336204
13003,1
13004,0.431523752196988
13005,0
13006,0
13012,0.776282025707522
13013,-0.276815211826028
13014,0.0295009843061432
13015,0
13016,-1
13017,0
13018,0.6643691227883
13021,0.451464260460352
13023,1
13026,-0.759918065606547
13027,0
13028,-1
13029,1
13030,0
13032,-0.855917014028447
13034,0
13035,-1
13037,0
13038,1
13040,1
13045,0
13046,0
13047,-0.228423537907982
13048,1
13049,0
13050,0.506701870927859
13055,-1
13058,0.959595934705988
13061,0
13062,0
13064,-0.690367132084172
13066,0
13067,0
13068,0
13069,-0.476522671340506
13075,0
13077,0
13078,0.516653556787566
13079,-0.205443853659758
13080,0
13081,0.0992316390516515
13082,-0.162660059391366
13083,-1
13085,0
13089,0.242198831001597
13090,0.273152522375479
13091,0
13092,0
13094,0.444855106884168
13095,0
13097,-0.0110901541940926
13098,0.385557360414528
13099,0
13102,-0.217773361990517
13103,0
13104,0.855389786937386
13106,0
13107,-0.450199204349961
13109,-0.735015212100089
13110,-0.825544727082028
13113,-0.670061692836113
13115,-0.222153326191201
13116,-1
13117,1
13118,0
13122,0
13124,0
13126,-0.0187582562424649
13127,0
13130,0
13131,-0.300840721394463
13134,1
13136,-0.220749281140595
13137,0.886566676328917
13138,0.276894642865184
13139,0.53664947330618
13140,0
13141,0
13142,0
13145,-0.00946433460542621
13146,0
13147,0.870718783699212
13148,0.516318555567768
13149,0.38545422518111
13153,0
13154,0
13155,-1
13157,1
13158,0.84820291571622
13159,-0.883728651735641
13160,0
13162,1
13165,0
13167,-0.522018903404604
13168,0
13169,0
13170,0
13171,-0.738806354933243
13173,0
13174,0
13176,0
13177,0
13178,-0.349780857323807
13182,0
13183,-0.19966423033489
13184,-0.212355620538492
13186,-0.895151586552018
13188,0
13189,1
13192,0
13193,0
13194,0
13196,-1
13198,-0.462847609977334
13199,0.523218286024783
13200,-0.980958782672982
13203,0.267698689608496
13207,-1
13208,1
13209,0.690000618647876
13210,0
13211,-1
13212,1
13213,0.983676449600645
13217,-1
13218,0
13220,-1
13224,-1
13225,0.8900546728549
13228,0
13230,-0.321189700282971
13232,0.731741890871314
13233,0
13236,-0.102148456180498
13238,1
13240,-1
13242,0
13244,0
13245,0
13246,-1
13247,-0.805084685414383
13248,-1
13249,0
13253,0
13255,-1
13256,0
13258,0
13259,0
13260,0
13263,-0.0788378587025378
13265,-0.401227706724997
13266,0.689300359278126
13267,0.604122284966877
13268,0.815612757479385
13269,0.506095846513499
13271,0
13272,-1
13273,0
13276,1
13277,0.849001769795926
13278,0
13279,-1
13280,0
13282,-0.239758827092016
13283,1
13285,-1
13291,0
13292,0
13294,0
13296,0
13297,-0.922692798723698
13298,0
13300,0
13301,-1
13302,0
13305,0.0528637693717863
13307,0
13308,0.982118175443364
13309,-0.953159586661001
13310,-1
13311,-1
13313,1
13314,-0.336660551132998
13316,-0.322209106125467
13317,1
13318,1
13319,0.112665702401904
13320,1
13321,0
13322,0
13323,0.940665905487862
13324,-1
13325,0
13327,0.867342890762402
13329,0
13330,1
13332,0
13334,-1
13336,0
13338,0
13340,-0.659725474466576
13343,0
13344,0
13347,0
13348,0
13349,0
13350,-0.429601858714255
13351,0
13352,-1
13354,0
13355,0
13356,0
13359,0
13362,-0.862992697717019
13363,-1
13364,-1
13365,-1
13366,0
13372,0
13373,1
13375,0
13376,0
13379,0.27756422095923
13381,-0.236658515878004
13384,-0.435115316841838
13388,-1
13389,-1
13390,0
13394,-0.365371750041553
13395,0
13396,0
13397,-0.614722674313057
13402,0
13403,0
13404,0
13405,0
13408,0.201547832354602
13410,-0.202466724431447
13411,0
13414,0
13416,1
13417,0
13418,0.539721748338052
13419,0
13420,1
13421,0
13422,0
13425,-1
13426,0.351377244638701
13427,-1
13428,0
13429,-0.349202295978261
13430,1
13431,-1
13434,0
13435,0.152653312929301
13436,0
13437,-0.263138012274473
13441,0
13447,0
13448,1
13449,0
13450,-0.617288390793346
13451,-1
13453,0
13455,0
13456,0.760682697532127
13458,-0.462682174794228
13460,-1
13461,0.281881621673196
13462,0
13464,0
13466,-1
13467,0
13468,0.263947289692929
13470,-1
13471,0.0350382551538048
13473,0
13475,0
13476,0
13477,0.081648065312903
13481,0.999955212182264
13483,0
13486,0.232274131699603
13487,0
13488,0.848921123020973
13489,1
13491,1
13492,0
13495,-1
13496,0
13499,0.705268654344588
13500,1
13502,0
13503,0
13504,0
13505,-0.0215777103174523
13507,-0.563542345043435
13509,0.615099014139454
13510,0.101072276553626
13513,0
13514,0
13515,0.957560134482341
13516,1
13517,-0.849881394770585
13518,0
13519,-1
13520,-0.103502383900274
13521,1
13522,0
13523,0.986661101487046
13524,0.535306428823249
13525,0
13527,-0.867954015905596
13529,0
13532,0
13533,0
13534,-0.208648255174802
13536,0.653723438719357
13538,0.677980268413449
13539,0
13544,0
13546,-1
13548,0
13549,-0.947767498361233
13552,0.704685385981271
13555,0
13557,0
13558,-0.941844646478237
13560,0
13562,-1
13563,1
13564,0
13565,0
13566,-1
13568,0
13569,0
13571,0.902728120605539
13573,0
13575,0.235720739590495
13576,0.179471434994913
13577,0.172162230422021
13579,0
13583,0
13587,0
13588,-0.4288902101999
13589,1
13590,0.566118291874118
13591,0
13592,0
13593,1
13594,0
13596,-1
13598,0
13599,0.541893296974852
13601,0
13602,0
13603,0
13606,0
13607,0
13610,0.183053021047003
13611,1
13614,-0.326221708483213
13617,0.457226326882069
13618,0
13621,0
13623,0
13627,0.0877267251498871
13629,0.234410003870175
13630,-0.359694779726779
13631,-0.999854899340377
13632,0.663475768437735
13634,-0.0917150226876991
13635,0
13636,1
13637,-1
13638,0
13639,0
13643,0.991166242215247
13644,-0.689078323496154
13645,0
13647,-0.287391800859284
13650,-0.111433609713026
13651,-1
13652,0
13654,1
13655,0
13656,0
13657,0
13658,-0.39599259657204
13662,1
13663,0
13666,0
13667,0
13668,0.188922830105575
13669,1
13670,0
13673,0
13675,0
13678,0
13680,-1
13681,0.88428454746544
13682,0
13685,-1
13686,0
13689,0
13690,0
13692,0
13694,-0.220177017391795
13695,-0.226298715609245
13697,0
13699,0
13700,0.0503872884386947
13704,-0.938893333218695
13705,-1
13709,-0.14727936362511
13710,0
13717,0.381167577260821
13719,1
13720,1
13721,0
13722,-1
13725,-0.278581478969918
13726,1
13727,0
13728,0.999877401736959
13730,0
13732,0
13735,0.40702257479573
13736,0
13739,0
13741,1
13742,-0.813965817819404
13743,-0.0161442484135954
13744,0
13745,-1
13748,0
13750,0.804778756982005
13752,0.25669280548438
13754,0
13755,-0.778265179288619
13756,0.685024299847917
13758,0
13759,-1
13760,0
13761,1
13763,0.723594896608516
13764,1
13767,0.256775942549734
13769,0.557188967808762
13771,1
13772,-1
13774,0
13777,0.612577600908668
13778,0
13780,1
13782,0.519119654316762
13784,-0.908896555523
13787,0
13790,0
13791,-0.96216171891648
13792,0
13798,0.116299609964506
13799,0
13801,0
13802,0
13804,-0.480404805520384
13805,-1
13806,0
13808,-0.901760100113704
13810,-1
13811,0
13812,-1
13813,0.340158485174959
13814,0.660722032231738
13815,-0.14303089168965
13816,-1
13817,0
13821,0
13822,-1
13823,-1
13824,1
13826,-1
13827,-1
13828,0
13831,0.7128711059889
13832,0
13833,0
13835,-0.71260457089429
13838,-1
13842,0.875671996796057
13844,0
13845,0
13846,0
13848,0
13849,1
13850,-1
13851,1
13853,-1
13854,0.314265801290323
13856,0
13858,0
13860,-0.238691860449756
13862,-0.733006841773288
13865,-0.45057872676348
13866,0
13867,-1
13868,1
13869,0
13870,-0.56193509125712
13871,0.275775865374502
13873,0
13875,-0.553189283108893
13876,0
13877,0
13878,0
13880,0.210639562491394
13881,0.321301789929887
13882,-0.921791799833915
13883,-1
13884,-1
13885,0
13886,0
13888,0
13889,0
13890,0.522505009854037
13892,-1
13894,0
13895,0.765329657189926
13897,0
13899,0
13900,0
13901,-0.934222468276196
13904,0
13908,1
13911,-1
13914,-1
13917,1
13918,0
13919,-1
13923,0
13924,-0.65171165801974
13925,-0.799909726285742
13926,0
13927,0
13928,0.991763346221802
13929,0
13930,-1
13931,0
13933,1
13936,0
13937,0
13938,0
13939,-1
13940,0.443992145403044
13941,0.699415539888747
13946,0
13947,0
13949,-0.801342180146854
13950,1
13951,0
13953,-0.217308084017709
13954,0.147815907841196
13955,0
13956,-0.965826270682376
13959,0
13960,-1
13962,0
13967,0
13969,0.564341074520277
13971,-0.482960890473212
13972,0
13974,0
13975,0.999991419075225
13978,-1
13979,0
13980,0
13982,1
13983,0.256612174446895
13984,0.693862252370294
13985,0.257222330501088
13986,0
13988,-0.132052715870251
13989,0
13991,0.900451417780182
13992,0
13993,-0.252823527232252
13994,0.142072720696546
13995,-0.384355123654713
13999,0.252509561628216
14001,1
14002,0
14004,0.175286736325819
14005,0.848906847563281
14006,0
14013,1
14014,0
14015,0
14016,0
14019,0.773089089441651
14020,-1
14021,0
14023,0
14024,0
14027,0
14029,1
14030,0.881357728580894
14031,0.208126978581305
14032,0.118722779629889
14034,-1
14035,0.960041016289027
14037,0
14038,1
14039,0
14040,0.524619854525698
14044,-0.848513302162456
14045,0
14047,1
14049,1
14050,-1
14051,0.611340108230625
14052,0
14053,-1
14054,0
14055,0
14056,0.131646266210965
14057,-0.0191092898529997
14060,-0.049129351880842
14062,0.599189685361989
14064,-1
14067,-1
14071,-0.744657204613649
14073,0
14075,-1
14076,0
14077,-0.00299955826173086
14078,-1
14079,0
14080,0
14083,0.971462047342838
14085,0.743659060191293
14087,0
14088,0.538531911857651
14089,0
14092,0.500888401729456
14093,0
14096,0.537247153701547
14098,0
14099,0.0592152311364434
14100,0
14101,1
14102,-0.136518993522709
14104,-1
14105,0
14107,-0.0265042634413939
14108,0.227675796403276
14109,-1
14110,-0.0257898626297997
14111,0.800089491832006
14112,-0.69236290289688
14113,0.213217314041326
14116,0.803248249176432
14117,0
14121,0.358940768385601
14124,0
14125,1
14126,-1
14127,0
14128,0
14129,-0.993483021830534
14132,0.0624515314347068
14133,0
14135,0.280616324550187
14138,-1
14139,0
14140,-1
14141,-0.391134811623611
14143,0
14145,-1
14146,1
14147,0
14150,0
14152,0
14156,-0.364541276562842
14157,0
14158,0
14159,0.197907046560309
14162,0
14163,-1
14164,0
14167,1
14171,0
14173,1
14174,0
14175,0.547877738920763
14177,1
14178,0.701562054714602
14179,0
14180,-0.0545494600200423
14184,0
14188,-0.595292771381153
14189,0.339584768766489
14191,0.181337019651439
14193,0
14194,0.428496830253509
14196,0
14198,-0.672477761700632
14201,0.781873307803515
14204,0
14205,0
14208,0
14209,-0.994570496664989
14210,-1
14211,1
14212,0
14214,-0.819089166564315
14215,0.925177423665031
14216,-1
14217,0.0614105314399316
14218,0
14219,0
14221,-0.68381264918999
14222,0
14223,-1
14224,-1
14226,1
14227,0.311537456971703
14229,0
14231,0
14232,-0.370975953054663
14233,0
14234,-1
14235,-0.504059487775009
14236,0
14239,0.0628853199146622
14240,0
14241,0
14243,-0.622090888326794
14245,0
14246,-1
14250,-1
14251,-0.925956438716066
14257,0.0820735589389949
14258,-0.69137816584299
14259,0
14261,-1
14262,0.263752319028903
14264,0
14265,1
14267,-1
14272,0
14273,-1
14276,-1
14277,0
14282,0.218050074350461
14284,1
14285,0.619272588102102
14286,0.98739691453693
14287,1
14289,-0.969220143363886
14290,-0.0453248792145498
14291,0.48340989147886
14292,-0.13683789016084
14293,1
14295,0
14297,1
14298,-0.334564119124757
14299,-0.629696235162967
14300,0
14301,0
14305,-0.202580210560927
14306,-1
14307,1
14309,-0.0158162834485045
14312,0.555765473203445
14314,0
14315,-0.0921111152845097
14317,0
14321,0.286081932221575
14323,1
14327,0
14329,-0.266245198956513
14331,-1
14332,0.691512632027074
14333,0
14334,-0.990450454617021
14335,-1
14336,0
14338,1
14341,0.992384983046894
14342,1
14344,-1
14345,0
14346,0
14349,0
14351,0
14352,0
14354,-1
14356,-1
14357,0
14359,-0.999991808807107
14360,-0.991959059129818
14362,0
14364,-0.925311227644427
14367,-0.768357995278644
14375,0
14377,0
14379,0
14381,0
14382,0
14383,0.499856274871633
14385,0
14387,0.977453220261907
14388,0.00177218834324408
14389,-0.00285935061942536
14390,0.822188258446914
14395,0.429006895244327
14396,0
14397,0.822568718709598
14400,0
14401,-0.554614067736256
14403,-1
14404,-0.928063225493429
14406,0
14407,-1
14408,-0.534754729484958
14409,-0.898672336062912
14410,-0.539990432674035
14412,-0.982787312452765
14414,-0.781119710293926
14415,0.546758671349204
14416,-1
14418,0.972728214283328
14419,0.589518218768177
14420,0
14421,0
14422,-0.262774394103827
14424,0
14426,0.899429304766619
14427,0
14428,0.317681794870783
14432,0.829172209832026
14434,0.974576845981796
14436,0
14437,0
14440,0.70881777112258
14441,-0.365903974071425
14442,0
14443,1
14446,-0.886407953001435
14447,1
14448,0
14449,-1
14450,0
14451,0
14452,1
14453,0
14456,-0.414953552311775
14459,0
14460,-1
14461,-1
14462,0.620034589826305
14463,1
14466,0.540656649655276
14467,1
14470,0
14472,-0.490465909669284
14473,0
14474,0
14475,1
14477,0.205526987865496
14480,0
14481,0
14482,0.998452387010218
14483,0
14484,0
14485,0
14487,-0.894779171730064
14488,0
14491,0
14493,0.042486861041105
14494,0
14495,1
14498,0.719485465936928
14499,1
14500,-0.972866182809062
14501,-1
14502,0.970623419407357
14503,0.534963167112857
14504,0
14505,1
14506,0.757364841568865
14507,-0.800067655860117
14508,-1
14511,0.872949805598485
14512,0
14513,0
14514,0
14515,0.974067875284608
14517,-1
14518,0
14520,0
14522,-1
14523,0
14524,-0.153578647377193
14525,-0.474878937180848
14527,0.566678406233889
14528,0
14529,0.97741609104424
14530,-0.134355265336009
14533,-0.177439368644267
14534,-0.397008247157088
14535,1
14537,0
14538,0
14539,1
14540,-1
14541,-1
14542,0
14543,-0.666816067715935
14544,0
14546,-0.625602831671075
14547,0.0138537476263147
14548,0
14550,1
14551,0
14552,0
14553,0
14554,1
14555,0
14557,-1
14560,0.405586084348149
14561,-1
14562,0.390883321515802
14565,-1
14566,0
14567,-0.808066177526388
14569,0
14572,-0.538355146135922
14573,0
14577,1
14578,0
14581,0
14582,0
14583,-0.986244645803363
14584,0
14585,0
14587,-1
14591,0
14592,-1
14593,0
14594,0
14595,0.0486395688172775
14597,1
14598,0
14601,0
14606,-0.334838487285051
14607,-1
14608,-0.863723987124655
14609,-0.637840071179481
14618,0
14621,0.237511405684316
14622,0
14623,-0.679398142994078
14624,0
14625,0
14626,-0.912329951112971
14628,0
14629,-0.411795857397131
14631,0
14636,0
14638,0
14639,1
14640,-0.279296357292605
14641,0
14642,0
14643,0
14644,-1
14645,0
14646,0.0582040122182874
14649,1
14651,0
14652,0
14653,-0.895116099566072
14655,-0.926504745968102
14656,0
14657,1
14658,1
14659,-0.0487344140821934
14660,1
14661,0
14662,0
14664,0
14665,-1
14666,0
14667,0.814049067239334
14673,-1
14675,0
14676,-0.989502153384705
14680,-0.311538472685625
14681,0
14682,0
14684,0.960675644057301
14687,0
14688,0.723386379895202
14690,-1
14691,-1
14692,0
14696,0.356276469872098
14698,-0.980173545204281
14700,-1
14701,1
14702,0.459565290936479
14703,0
14704,0.705346598338678
14708,1
14709,0.501052380446654
14710,-1
14711,0.107892618876476
14712,0.982684844800031
14713,0.73421439805592
14714,0
14715,-1
14716,-1
14719,0.916641385138933
14720,0.797029664166285
14722,0
14723,1
14725,0
14730,0.302977923141185
14731,0
14732,0.394454217395528
14733,0.572815037388965
14735,0.579930370581842
14737,-1
14738,0.70503095757175
14739,-0.857024654881782
14740,0
14741,0.731192160383718
14744,1
14745,-0.745272465395219
14748,-1
14752,0
14753,0
14754,0
14755,0.681203118515712
14756,0
14757,0
14758,0
14759,1
14761,0
14764,0
14765,0.637077800575308
14766,0.370701138273442
14768,-0.216421906154016
14769,0.00833429831287597
14772,0
14775,1
14776,0.422898795770238
14777,0
14778,0
14780,-1
14784,0
14785,0
14788,-1
14789,0
14790,1
14792,0
14793,-1
14794,-1
14795,0
14796,-0.532320549940184
14798,1
14799,0
14800,0.288107688634942
14801,0
14803,0
14804,0
14805,1
14806,0
14808,-0.848264156084661
14810,-0.287379053242181
14815,-1
14818,-1
14819,0
14820,0.651679775750773
14823,0
14824,-1
14825,0.223316422040165
14829,1
14830,0
14834,0.842430004841505
14836,0
14837,-0.975319157832871
14841,1
14842,-0.778848783167857
14844,0.935495688137915
14847,0
14849,0.387604894838625
14851,0
14852,-0.0126861043892315
14853,-1
14854,-0.560108985383772
14855,1
14856,-1
14857,0.362256633999926
14859,-1
14860,-1
14861,0
14862,1
14863,0
14865,0
14866,0.613116992254343
14867,0
14868,0.351582115661951
14869,-1
14871,1
14875,-0.271363004358027
14878,0.216343930609249
14880,1
14881,0
14882,0
14883,0.298020466579841
14885,0
14887,0
14891,-1
14893,0
14894,0
14895,0.262743379106459
14897,0.978148237993948
14898,-1
14901,0.222140943313579
14902,0
14903,0.570863785184602
14904,1
14905,0
14907,-0.618304285174796
14908,0
14910,-0.741069792880026
14911,0.226054237570171
14912,0
14913,1
14915,0
14916,1
14918,1
14921,0
14923,0
14929,0
14930,0
14931,-0.99158944075851
14934,0
14936,-0.718689228463465
14937,1
14944,0.131130603914412
14946,0
14947,-1
14948,0.185276362900218
14950,-1
14951,0
14952,0.594545052460105
14953,0
14954,0
14958,-1
14959,1
14960,1
14961,0.328068297425736
14963,0.679270221641666
14965,0
14966,0
14967,0
14968,0
14970,1
14971,-1
14972,0
14973,-1
14974,0
14975,0
14976,1
14978,0
14984,1
14987,0
14995,0
14997,0.0101141336646408
14998,0
15000,0
15002,0
15004,0
15005,0.226123336971975
15006,0
15007,0
15009,0
15010,0
15012,0
15014,1
15016,0
15017,0
15018,0
15021,0.32904174086773
15022,1
15023,0.067542328118544
15024,0.842635390165468
15025,0
15026,0
15027,-1
15028,-1
15030,0
15031,0.651831721029061
15033,0.11385950758719
15034,1
15035,0
15036,1
15038,1
15039,-0.729449752756049
15041,0
15043,0
15044,0.630437619740164
15045,0
15046,0.0344625542915369
15048,-1
15050,-1
15051,0.0290402346016033
15053,-1
15054,-1
15058,0.42501682439682
15059,0.977731346992517
15060,-1
15061,0.707161814765151
15062,0
15065,-1
15066,-1
15067,0
15068,0
15069,0
15071,0
15073,-1
15074,0
15075,0
15076,0
15078,0.00305041274218434
15081,0.0149277497388026
15088,-1
15089,-0.813288034485173
15091,0
15093,-1
15095,0.939424354009224
15096,0
15097,0
15098,0
15099,0
15101,0
15103,1
15104,0
15105,0.249228778402559
15106,-0.626900849403856
15108,1
15110,0.944722234582933
15111,-1
15113,-1
15114,0.533578838740039
15115,0
15116,-0.369210731501436
15117,0.108706875684946
15118,0
15120,0
15121,0
15122,-1
15123,0
15124,1
15125,-0.894538659696466
15127,0
15128,-0.944982411449523
15129,0.233276966178712
15130,0
15132,-0.994157447644779
15133,0
15134,0.606345470067975
15136,-0.955823680902562
15140,0.497112504371796
15142,0
15144,-0.0516628484429906
15145,-1
15146,0
15148,0
15149,0
15150,0.149200098031668
15152,0.403353752691771
15153,0
15154,0
15156,1
15157,0.343850636655181
15158,0
15159,0.393022085003698
15163,0
15164,0
15168,0
15172,0.929954327078588
15175,0
15179,1
15181,1
15182,0
15184,-1
15185,0
15186,-1
15187,0.517007197744198
15189,-0.355110285259167
15192,-1
15193,0
15194,0.620677603543921
15195,0
15197,-1
15198,-1
15199,-1
15201,-1
15203,-0.0700685462693942
15205,-1
15206,0.868362789944838
15208,-0.744035724696886
15211,0
15214,0.245158089032281
15215,1
15216,0
15218,-0.161714185999873
15219,0
15220,0.99175135957104
15227,0
15228,0.960160577036908
15232,-1
15237,-1
15238,0.184861373272189
15239,-0.28231432283551
15240,-0.994380134617477
15241,0.465708544761089
15243,0
15244,0
15245,1
15247,0
15249,-0.520039592816513
15251,-0.47610464757276
15252,1
15253,0.459343779094883
15254,0
15255,0
15256,0
15258,0
15260,-0.954921351307968
15261,0
15263,0
15264,0
15265,0
15267,-0.854325877055823
15269,0
15270,1
15271,-0.361213670023541
15272,1
15274,-1
15275,0
15276,0
15277,0
15280,0
15281,0.319716353656734
15286,0
15287,-0.560568728440494
15288,-1
15289,-1
15290,0.437602485122027
15291,0.502919867658634
15296,0.458638007422074
15297,1
15298,-0.590025807738648
15299,1
15300,0
15301,0.0753718155162223
15304,0.24121937143579
15306,0.646102989435044
15307,0
15311,-0.393020786185744
15312,-1
15313,0
15315,1
15318,0
15320,0
15321,-1
15322,-1
15325,0
15327,0
15329,-0.746975200264683
15330,1
15334,-1
15335,0
15339,0
15341,0
15342,0
15343,0
15344,-0.371938197019026
15345,-1
15348,0
15349,-1
15351,-0.529208734485174
15355,1
15356,-0.928427578043957
15358,0.331970774173688
15360,0
15364,0
15365,-0.524785876050859
15366,0
15367,0
15368,0
15369,0
15370,0.131480698196009
15372,0
15373,0.437503931187605
15374,0
15376,-1
15379,0
15380,0.0859866888680524
15382,0.452189921087255
15384,0
15385,0
15386,0
15389,0
15392,0.117688634827542
15393,0
15394,-1
15396,0
15398,1
15399,-0.761874631921114
15400,0.62369166260239
15402,0
15405,0
15406,0
15407,-1
15410,0.286471031019286
15411,0.156954087526373
15412,0
15414,0
15416,-1
15417,0
15419,0
15421,0
15423,0
15426,0
15427,1
15428,0
15429,-1
15432,0
15433,0
15434,-0.582250403708884
15435,0
15436,-1
15438,0
15440,1
15443,0.46252461062962
15444,1
15449,-0.0479041942636613
15450,0
15452,-1
15453,-0.211862226939952
15458,0
15462,-0.75063066558965
15463,0
15465,0.306632757830661
15466,0
15467,-1
15468,-1
15469,-1
15471,0
15472,0
15473,-1
15475,0
15478,0
15480,0
15482,0.668670416876224
15483,0
15484,-0.583600759119562
15485,0
15488,0
15489,-1
15491,-0.989321722951343
15492,-1
15493,1
15494,-1
15497,0
15498,-0.786028533547088
15500,-0.55017972541346
15502,0.310335882233746
15504,0
15505,-0.586004510800621
15506,0.890907045835979
15507,0
15508,0
15511,0.999420397297178
15512,0
15513,0.223967674123042
15514,0
15516,0
15518,-0.262615273934794
15520,0
15521,-0.366235834059991
15522,-1
15523,0
15524,0
15525,1
15526,0
15527,0.857699599246269
15529,-0.304046324370649
15530,-0.0718108406937986
15531,-1
15532,-0.502385475558879
15533,-1
15535,0
15537,0
15539,0
15540,0
15541,0
15544,-0.0388344243077649
15545,0
15547,-0.00972646610330283
15549,-1
15550,-0.106255623433457
15551,0
15553,0
15555,0.591256970273697
15556,0
15557,0
15561,0.382019508153076
15563,-1
15565,-1
15567,0
15568,0.846043911739322
15569,-1
15570,0.136957470992109
15571,1
15572,-0.558028595310614
15573,-1
15574,0
15576,0
15577,0
15578,0
15579,0
15581,0.877772086814598
15582,-1
15584,0.251928329393727
15585,0
15587,0.196886731957941
15592,0
15593,0
15594,-1
15596,0
15597,0
15598,-1
15599,0
15601,-0.0291278575593345
15602,0.172158991856442
15603,0
15604,0
15605,1
15606,-0.892060704780465
15608,-0.0993581044354696
15609,0
15610,0
15611,-0.0805485321266205
15612,1
15615,0.582482535909801
15618,0.682739362304528
15619,0
15620,0
15621,-1
15622,-0.214131997981186
15623,0
15624,-1
15625,1
15626,0
15628,-0.00889488141338953
15630,0
15632,0.251543417454482
15634,0
15636,0
15637,0
15639,0
15640,0.458080609779678
15641,0
15643,0
15644,0
15645,0
15646,0
15651,0
15652,0
15653,1
15654,0
15656,-1
15657,0
15658,0
15659,0
15660,0.705509391927703
15663,0
15664,0
15665,0
15667,0
15669,-0.911258218531461
15671,0.824639569121539
15673,1
15674,0
15675,-1
15676,0
15677,0
15678,0
15679,0.922597021853894
15680,-1
15681,-1
15683,0
15687,0.243109127511777
15689,0
15690,1
15692,0
15694,0.411715165056484
15696,1
15699,0
15700,0
15701,-0.483159472893105
15704,1
15706,-0.933213952108126
15707,0.433045821303095
15708,1
15712,0.0247607058786587
15713,0
15714,1
15716,0
15719,0.640276422736712
15720,0
15721,0
15722,0.960590830078747
15725,0
15727,-0.0500705560376366
15728,0
15730,1
15734,0
15737,-0.881515774923934
15738,0.389043829179545
15739,0
15740,0
15743,0.191080515372586
15744,0
15745,-0.235759668234209
15746,0
15747,0.981677250288573
15748,0
15750,-0.556494437569298
15752,0.990553118885006
15754,-1
15755,-0.793017002112638
15756,1
15757,0
15758,0
15762,-1
15763,1
15764,-0.187997465385378
15766,0
15768,0
15769,-0.0877941490765535
15773,0
15774,0
15776,0
15780,0
15781,1
15782,-0.88129873781128
15783,0
15785,0.936940913736924
15786,-1
15787,-1
15790,0
15791,1
15793,1
15795,0
15796,0.937367362659475
15797,0
15799,1
15800,0
15801,1
15802,0
15803,0
15804,-0.256911017582159
15805,0.417316259840031
15806,1
15807,-1
15809,-1
15810,-0.99885321536101
15811,-1
15812,-0.235751090388
15814,-0.963869288529337
15815,-1
15819,-1
15821,0
15822,0
15825,0
15826,0
15827,0.665132405610866
15829,-1
15830,0
15831,1
15834,-1
15835,1
15836,0
15837,0
15838,0.492892666222245
15839,-0.249965590821566
15840,-1
15841,0.288198602303891
15844,0
15845,0.883606875782089
15847,0
15850,1
15852,0
15853,0
15854,-0.820513398047168
15855,1
15856,0.941421454978576
15857,0
15858,0.250950978373856
15860,0.130111897860129
15861,0.785290429619077
15862,1
15863,0
15864,0.53274605618768
15865,1
15866,0
15867,-0.558535967079096
15870,0
15872,0
15874,1
15877,1
15883,1
15885,0
15886,0
15888,0
15889,0
15895,0
15898,0
15900,0
15901,0.856515484186197
15903,1
15904,0
15906,0.39402897512012
15907,1
15909,0
15910,0.258967117008456
15912,0
15916,0.808699617136864
15918,0
15919,0
15920,0
15921,0
15930,0
15932,0.950153176091654
15933,-1
15937,0
15938,0
15939,-0.924666053676808
15942,0
15947,0
15948,-1
15949,-1
15950,-0.750441032964253
15951,0
15952,0.918872039053429
15953,1
15955,0.525636865793705
15957,0
15958,0
15963,-1
15965,0
15967,0
15969,-0.681695809158285
15971,0.0772110848807779
15974,0.111415538200947
15975,0
15976,0
15977,1
15978,0
15980,0
15981,0.670403600188529
15983,0
15984,-0.170139913051868
15985,0
15986,0
15987,-0.445258512919681
15988,0
15990,0
15992,0
15993,-0.869168829223185
15994,0
15996,0.507756784216586
15998,0.940131876996338
16000,0
16003,0.685159851222586
16005,1
16007,1
16008,-1
16009,-0.804082205298827
16011,0.122262357143642
16012,-0.423769434616326
16013,0.221904989002933
16014,-1
16015,-0.797240298812503
16016,0.286693481457011
16017,0
16018,1
16019,-0.524207742205898
16020,-1
16023,0
16024,0
16025,0
16026,0
16027,0.83626671015645
16029,0.195897436126271
16031,0
16033,-0.0983895763948614
16036,0
16038,1
16040,-1
16041,-1
16042,-0.770678605370548
16043,0
16045,-1
16048,0
16049,1
16050,0
16052,0
16053,-1
16054,0
16056,0
16057,-0.519121946117206
16059,-0.414192808094968
16062,1
16066,0.999831315865607
16070,0
16071,0
16076,-0.430091942802512
16079,1
16080,0
16081,0.144239501597259
16083,0
16085,-0.28804614299016
16086,-1
16091,0
16092,0.651596361521292
16093,0
16094,0
16098,0.398845726004869
16099,-1
16101,-0.852210791709332
16102,-0.967748835253793
16103,-0.888301385792538
16104,0
16106,0
16107,0.497142274839555
16108,0
16110,0
16112,0
16113,0
16114,0
16115,0.0836577000091596
16117,0
16119,-1
16120,0
16121,0
16122,-1
16123,0
16126,0.983063798595039
16127,0
16128,0.394994763828262
16131,1
16133,-0.0372934877954388
16134,0
16136,1
16139,1
16140,0
16141,0
16143,1
16145,0.367586683851828
16146,0
16147,0
16149,-1
16150,-0.880687350722194
16153,0.887460783434055
16156,-0.217320010318089
16157,0.638284552681699
16160,-1
16161,0.279023650932427
16164,1
16168,0.511708490861538
16169,-0.416944124052581
16170,0.676940050544101
16171,0
16172,-0.289670757221412
16173,-0.661239584997598
16174,-1
16175,1
16177,0
16178,0
16179,0
16180,0.921436185116088
16181,0
16182,-1
16183,0
16184,-0.168526551844481
16185,0
16186,0.321705874972209
16187,-0.47988449711291
16188,1
16189,-1
16190,0
16191,-0.015913645527183
16198,0
16200,-1
16201,0.91895959560328
16203,1
16204,0
16205,0.983541442725293
16206,1
16207,0
16208,0
16209,-0.956307890321143
16210,0.787261752322386
16211,0
16212,0
16213,0
16214,0
16215,0
16218,0.608953533061185
16221,0
16224,1
16225,-0.454276320980807
16229,0
16230,0
16232,-0.849120241878549
16233,0
16235,-0.652198985325463
16236,0
16239,-1
16240,-0.733242419523127
16241,0.595964087987173
16242,0.450574841135262
16243,-1
16245,0.299739098212047
16247,0
16248,0
16249,0.275092288802696
16253,-1
16255,-0.127873998086194
16257,0
16258,0.712101196788335
16260,0
16261,0.668893808883947
16265,0.286705261052336
16266,-0.483910892554125
16268,0
16271,-0.444537006540847
16272,0
16276,0
16278,-0.755593966896713
16279,0.817822053744665
16281,0
16283,0.283725845468283
16284,1
16287,0
16292,0
16293,-0.703820198432357
16295,-1
16298,0.987845973543546
16302,0
16303,-1
16305,0
16308,1
16309,-1
16311,-1
16313,-1
16316,0.365835260617346
16317,-1
16318,0
16320,0
16321,0
16322,-1
16324,1
16325,-1
16326,0.333191056854118
16327,-1
16330,1
16332,-0.24908479599996
16333,0.402016335227083
16337,0
16338,0
16340,0
16341,-1
16342,-0.979471280820696
16343,0
16344,0
16345,0
16347,0
16348,0.974524768732169
16350,-0.232953348790985
16352,0
16353,0.372580457173217
16354,-1
16357,1
16358,-0.147196309611864
16359,-0.57557157664169
16360,0.449909885615222
16361,-0.700641979108673
16362,-0.51135085794522
16363,0
16364,1
16365,0.77618914334182
16366,0
16367,0
16368,-1
16369,1
16370,0.830662977038367
16372,0
16374,0
16376,-1
16379,0.111685251838268
16380,0
16383,0
16384,0
16385,1
16386,0
16389,-1
16393,0.301045452215323
16394,-0.493312971635476
16395,-0.998362289773513
16398,0
16399,0
16400,0
16401,0.277975025692389
16404,0
16406,0
16407,-0.0068400633063605
16409,0.992608968175543
16411,0
16412,0
16413,0
16414,0
16415,0
16416,-1
16418,1
16419,-1
16422,-0.841576900990861
16423,0
16424,0
16426,0.750814394326314
16428,0
16429,0
16430,0
16432,0
16433,0
16434,0.897128757246277
16438,-0.025857916365432
16440,-0.778352340386535
16441,0
16442,0
16444,-1
16445,0
16446,0
16447,0
16449,0
16450,0
16451,0
16454,0
16455,1
16456,1
16458,0.00928015022496765
16460,-1
16461,0
16462,0.723594896608516
16463,-1
16464,-0.202876481398507
16466,0.102293296059761
16468,0
16469,-1
16470,1
16473,0
16474,-0.0836524995649709
16475,0.619490467426999
16477,1
16478,-1
16479,0
16480,0
16482,0
16484,0
16485,0
16488,-0.616799812398949
16491,0
16493,0.0649115225943315
16495,0
16496,1
16497,0
16498,-1
16500,-1
16503,0
16504,0
16505,0
16506,-1
16511,1
16513,0.339829964583575
16515,-0.106269709171821
16516,0
16518,0
16519,0
16520,0
16523,0.279649673154586
16525,-0.24948340960961
16526,0
16527,0
16528,0
16529,0
16531,0.952924020809943
16532,-1
16533,-1
16535,0
16536,0
16539,0
16542,0
16545,0
16549,0.80878173766139
16550,-0.282276659476663
16551,-1
16553,0
16554,-1
16555,-1
16556,0.902051108340405
16557,1
16558,0.614233929254459
16560,0
16561,-1
16563,0
16566,-0.745582329141053
16569,0
16570,0.264087653103215
16571,-0.187535442483371
16572,1
16573,0
16574,0
16581,-1
16582,0
16584,0
16589,0.794033014133351
16591,0
16592,0.489852537061334
16593,-1
16594,0
16595,0
16596,0
16597,0
16600,0.976618363201739
16601,0
16602,0
16603,0
16607,0.328159837958314
16609,0.695870711838181
16611,0
16612,-0.306432972299808
16613,0
16614,0
16616,1
16618,0
16620,0
16621,1
16624,0
16626,0.0344395377983997
16627,0
16628,0.957506076494827
16629,0
16633,0.828765407373292
16637,0.492648292227202
16638,-0.704315220838972
16639,0
16641,0
16642,0
16644,0
16647,0
16648,-1
16650,0
16652,1
16653,-0.799743577173356
16654,1
16655,0.812956470658024
16656,-0.922412747897361
16657,1
16659,0
16660,0
16666,0
16667,0
16668,-0.317047990208285
16669,-1
16670,-0.328462240935213
16671,-1
16672,-0.738918272899995
16674,1
16676,0
16678,0.553446299177622
16680,0
16681,-1
16682,-0.650128372818612
16684,0.376153517447512
16685,0
16686,-0.641243676567042
16688,-0.94833769030221
16689,0
16690,-1
16693,0
16696,0
16700,-0.610563436564423
16701,-0.246523466363626
16705,-0.547872809173096
16706,-0.759288779718559
16708,0
16709,0
16710,0.958106339088429
16711,0.241187211637556
16712,0.854376456557349
16713,0.752631586465811
16715,0
16717,0.694708499999533
16719,-0.218311898621436
16720,0
16722,0.11496638662396
16723,-1
16726,0
16728,1
16729,-0.26587215177193
16730,0
16732,0
16734,1
16735,0
16737,0
16739,0
16742,0
16743,-0.68144888515853
16744,0.903649253285853
16745,0.353351515368957
16746,-0.422782578058374
16747,-1
16748,0
16750,-0.679980386203399
16751,0
16753,0
16755,0
16758,0
16759,-1
16761,0
16762,0.293032485777079
16763,0
16764,0.290806657863797
16767,0.868259710109684
16768,1
16770,0
16771,-1
16773,0
16774,-0.182652385325997
16775,-0.0060819195965015
16776,0
16777,0
16778,0
16779,0.44391348052678
16780,0
16782,0.13443605051965
16784,0
16788,0
16789,0
16790,-1
16791,0.994010842344409
16793,0
16794,-0.280050574089907
16796,0
16800,0
16801,0
16803,0
16804,0
16805,0
16806,1
16807,0
16808,0
16809,0.777383339201697
16811,-1
16813,-0.557374137596311
16814,0.39435890264422
16816,-1
16817,0.998339380576042
16818,-0.163116358370634
16820,0
16824,1
16825,1
16826,0
16828,-1
16829,0
16830,0
16832,0
16833,0
16835,0
16836,1
16837,0.834971350213936
16839,-0.134190776173303
16841,-0.32215275321644
16842,-0.898586760221267
16843,-0.955907585066106
16846,0
16847,0
16848,0
16849,0
16851,-1
16852,-1
16855,1
16856,0
16859,-1
16861,1
16863,0
16866,0
16869,-0.908696786638309
16871,1
16872,-0.697936795508111
16873,0.996320703317989
16875,1
16877,0.97024841285505
16878,-1
16880,0.0548987955022184
16881,0
16882,0
16883,0
16884,0
16885,1
16887,0
16891,-0.911353915325926
16892,0.451936761735732
16895,0
16898,-1
16899,0.715364558351132
16900,1
16902,0
16903,0
16904,-0.343141131939321
16905,-0.998571584708356
16906,1
16907,1
16909,0
16910,-0.917252297928292
16912,-0.069990715812993
16914,0
16915,0.446267688321352
16916,0
16918,-0.138603818200965
16919,-1
16921,0
16923,0.761375154458329
16924,-0.977697442364219
16927,0
16928,0.487465534966177
16929,0.387627914490399
16930,-1
16931,0.171126296661596
16932,0
16933,0
16934,0
16936,0
16938,-1
16940,1
16942,0.264717587450834
16945,0.71290605912658
16948,0
16949,-0.892666811530551
16950,-1
16951,0
16952,0
16953,0
16954,0.271174255623265
16955,0
16956,0
16959,0
16960,-1
16961,0
16963,0
16966,-0.00347802215956659
16967,0
16968,-1
16969,-0.463578534761117
16971,0
16978,0
16979,0.36726023002489
16982,0
16983,0.849095483445352
16984,-1
16985,0.764262037385142
16986,0
16987,-0.168896673637422
16988,0
16989,-0.838371676708586
16992,1
16996,1
16998,0
16999,-1
17001,0.219447108890177
17002,0
17004,-1
17006,-0.990986056384225
17007,1
17010,0
17011,0
17014,0.483022957683825
17015,-0.201745539940722
17017,0.288832490021308
17018,0
17019,0
17022,0
17024,0.397022772623334
17025,0
17026,0
17027,1
17029,0
17030,0
17031,-1
17033,0
17034,1
17037,0
17038,0
17040,0
17041,-1
17042,-0.777403109543041
17043,0.92517976482769
17044,-1
17045,1
17046,0
17047,0
17048,0
17049,0.0203472677021177
17050,1
17052,0
17053,0
17054,-1
17058,0
17059,1
17061,-0.172673500753072
17063,-0.439287601550479
17064,1
17065,0
17068,0.164003895858908
17069,0.997983010397587
17070,0
17071,-0.348327244353495
17073,-0.996697935652374
17075,0
17076,0
17078,0
17079,0
17080,0
17081,1
17082,0
17083,0
17084,0
17085,0
17086,-0.359844903713451
17088,-0.906217623276164
17090,-0.820050145271915
17091,-0.325873112762493
17092,0.659187469136289
17095,0
17096,0.269091314614713
17097,-0.991326812866533
17100,0
17101,0.99551840003085
17105,0
17107,0.693967132714533
17109,1
17110,0
17111,0
17114,0.547406055665886
17115,-1
17119,-1
17122,0
17123,0
17124,0
17125,0
17126,0
17131,0.140193433394704
17133,-0.639042564416835
17134,0
17135,1
17139,0.405037763873581
17144,-1
17146,0
17147,-1
17148,0
17153,0
17154,0
17155,-1
17157,1
17158,0
17159,-0.203517308994165
17160,-0.94865786949758
17162,-0.918691559465608
17163,1
17164,-0.0789504586141605
17166,0
17169,1
17172,0
17173,0.51678786116882
17175,0.834052236619545
17179,0
17180,0
17181,0
17183,0.483850914812141
17186,0
17188,1
17189,0
17190,0
17191,0.892729725416107
17193,-0.155606134676177
17197,0
17198,0
17201,0
17203,-1
17204,0
17205,0
17206,0
17211,0.990510869082734
17213,1
17214,-1
17218,-0.615678177929943
17219,0
17220,-0.474334118486133
17221,1
17222,0
17227,0.652922034039749
17228,0.962081944777551
17229,1
17231,0.655375660167852
17232,1
17233,0
17234,0
17235,0
17236,1
17237,0
17238,0.746142856804399
17242,-1
17243,0.570810491876028
17244,0
17247,0
17248,0
17250,0
17252,-1
17253,0
17254,-1
17255,0
17256,0
17259,0
17262,0
17265,-1
17266,1
17267,0
17268,1
17272,0
17274,0
17279,0
17282,1
17284,-0.896381990507624
17286,0
17287,-0.968794535324856
17288,0
17289,1
17290,-1
17293,0.230163778457931
17295,-1
17297,0
17298,0
17299,-0.0871740915765619
17301,0
17302,1
17306,0.30079680034301
17309,0
17311,0
17312,0
17313,0
17314,0.195930965405542
17315,-0.118800141436719
17317,-1
17320,0
17321,-1
17323,0.745604389516884
17324,0
17329,0
17330,-1
17331,0
17333,0
17337,0
17338,0.961521722348352
17339,0
17340,0.860112849673307
17341,0
17344,0
17345,1
17346,0.186221594107681
17347,0
17348,1
17349,0
17350,-1
17351,-1
17353,0
17354,0
17357,0
17359,0
17360,-1
17361,1
17364,0.552838361150494
17365,0.180016124597901
17368,-0.705638036161265
17370,1
17371,0
17372,-1
17373,0.784014380027151
17375,0
17376,0
17377,0.899840409137234
17379,0
17381,-0.39829935039599
17382,0
17383,0
17384,0
17385,0
17386,0.301581218186098
17387,0
17388,1
17389,0.777281058368697
17391,0
17396,-1
17397,0
17398,0
17400,0
17402,-0.355667509756509
17403,0
17404,-0.575142239224714
17405,-0.60725496953366
17408,0
17409,0
17410,0.666428899122619
17411,-1
17412,0.633480951533977
17414,-1
17415,0
17416,0.0278672995311218
17418,0
17419,0.500570801382159
17420,-1
17422,-0.311174772899575
17423,0
17425,-1
17426,-0.94054824542439
17427,0
17428,-0.121260081436913
17429,-1
17430,0
17432,0
17433,0
17434,0.11766929297127
17436,0
17440,0
17442,0.106123587929054
17444,1
17446,0
17447,-1
17448,0
17449,0.43927949866045
17450,0.0571719791555387
17451,0.143230311118653
17453,-1
17457,0
17458,0
17459,0
17460,0
17461,0
17462,0
17463,-0.023289786789901
17464,0
17466,-1
17468,0
17469,0.0418007937219726
17470,1
17472,0
17475,0
17480,0
17481,0.209644752855938
17483,-0.174537571861833
17489,0
17490,0.518717683644109
17491,0.691267128573696
17495,-1
17498,0
17500,0
17502,0
17503,-1
17505,0
17506,0
17509,0
17510,0
17511,0.49163092996071
17512,0.820440763365756
17513,0
17514,0
17515,0
17516,1
17519,0.754095726653746
17520,0
17521,-1
17522,-0.567641955867421
17523,0
17526,0
17527,-0.958392470946672
17528,-0.817345442898133
17530,-0.766460668820035
17531,-1
17534,0
17536,0
17537,0
17538,0
17540,-1
17545,0
17549,1
17552,-1
17553,0
17554,-0.890434974889389
17555,0
17557,-0.949047109689745
17560,-1
17561,0
17562,-0.508275541737098
17564,0.894590907457993
17566,1
17567,0.124951073907658
17571,1
17572,0
17573,1
17576,0.00529816868714425
17578,0
17579,0.248520736739256
17581,0.251376855909455
17584,-0.959549754198249
17585,1
17588,1
17589,-0.927318474205445
17590,-0.0432056738126033
17591,1
17593,-0.351373547288629
17594,0
17595,0
17596,-0.0902296774788774
17600,0
17602,0.501323174110295
17603,0.821731789027907
17608,0
17609,1
17611,0.476663065781007
17612,0.184007457242733
17613,0.218885911721706
17614,0
17615,0
17616,0
17618,0
17620,0
17621,1
17623,0
17624,0
17625,-0.947409507134655
17628,0
17629,0.407041437319094
17630,0
17631,1
17633,-0.761681321080295
17634,0.398419131691447
17636,-1
17637,-1
17640,0
17642,-1
17644,0.302531492204125
17647,0
17648,1
17649,0
17650,0
17651,0.372209244834346
17652,-0.309810435952289
17653,0.95066608841975
17655,0.709817108799359
17656,-1
17658,0
17659,0.234585484981889
17660,0
17663,0.919404702352974
17664,0
17666,-1
17667,-1
17668,1
17669,-0.139739771647149
17671,1
17672,0
17673,-0.946361938260739
17674,0
17675,-0.0364619197449593
17676,-0.658040089610453
17677,-0.367512249198685
17679,-1
17680,0
17682,0.787348632080882
17684,0
17685,-1
17686,-0.624580769013315
17690,-0.373630548601495
17692,0
17693,0
17694,0
17695,1
17696,-0.318622310465858
17700,1
17702,0.0509281316038144
17703,0.983542129652391
17704,0
17705,0.0313505303254921
17706,-0.853530475997226
17707,0
17708,0
17709,0
17711,0
17712,0
17716,-0.380392859110872
17719,-0.285292275008648
17720,-1
17722,-1
17723,-0.998217597629555
17724,-0.414550483797552
17725,-0.104590963416116
17727,0
17728,-0.0333113657815082
17730,-0.595634968742887
17731,-0.993403871094572
17733,0
17734,-1
17735,-0.803751966977531
17736,-0.981848230593585
17737,-1
17738,-1
17739,0.946052015331315
17742,0
17744,1
17747,0
17749,0
17750,-0.781169284554719
17754,-0.0247296445078743
17757,0.407618879358191
17758,0.87223914354096
17759,1
17760,0
17761,0
17764,0
17765,0
17767,0
17768,0.948407206583248
17769,0.821335260653771
17771,0
17772,0
17774,-1
17777,0.578805608948475
17779,-0.883574037349494
17781,0
17783,0
17785,0
17786,0
17787,0
17788,1
17790,0.530539496499783
17791,0
17793,0
17795,0
17796,0
17797,1
17799,-0.663128757936579
17800,-0.890652826615473
17802,1
17805,0
17806,0
17809,0.606853099227911
17811,0.546763120348349
17812,0
17813,0.137525535460963
17816,-1
17817,0
17819,-1
17820,0
17824,0
17827,0
17828,-0.533994740255392
17830,0
17831,0
17832,0
17835,-1
17836,0
17837,0.743325232903338
17838,-1
17839,0
17841,0.301646624398467
17844,0
17846,0
17848,-0.739921439177252
17852,0
17854,0
17856,0
17857,0.562330751817346
17858,0.469945041373627
17861,-0.938967862187068
17863,0.685247930204879
17864,-1
17865,0.410394395364084
17866,0
17867,-0.160758293743991
17869,0
17870,0.594682351339464
17873,-1
17874,0
17877,0
17878,0
17879,0
17883,0.654739033993228
17884,0
17885,0
17886,0
17887,0
17888,0.661970964128291
17891,0
17892,-1
17894,0
17895,0
17896,0
17897,0
17898,0
17899,0
17900,0
17901,0
17904,0
17905,-1
17911,0
17913,0
17914,0
17917,0
17919,0
17920,0.262874099505194
17921,0.948716171287391
17924,-0.92392667124499
17926,0
17928,0
17929,-0.314582590141745
17930,0.677641406782239
17931,0
17932,1
17934,0
17935,0
17936,0
17937,0.970765923434859
17939,0
17940,-0.522050382065473
17941,0
17942,0
17947,0
17948,0
17949,-0.743221153902655
17950,0
17951,0
17954,-0.588063234729682
17957,0
17958,0
17960,0
17961,-0.578807518665824
17962,0
17964,0
17965,-0.0744828964326701
17966,0.952870485265157
17969,0
17973,0
17974,1
17975,-0.987808799524951
17977,0
17979,-1
17980,0
17984,0
17985,0
17986,0
17987,0
17988,0.656868783629818
17994,-1
17997,-0.306782323382111
17999,0
18001,-1
18005,-1
18006,0
18008,0
18013,0
18014,0
18015,0
18016,0.547916790948327
18017,0
18018,0
18019,0
18022,0
18024,0
18027,0
18030,-1
18033,0
18034,0
18035,-1
18036,1
18037,0
18040,0
18041,0.965844617655952
18042,0
18043,0
18044,0.0503133891782882
18045,0
18053,-1
18055,0.365012558097119
18058,0
18059,-1
18061,-0.260418602250718
18062,0
18064,0
18065,0.649205533100275
18066,0
18067,0
18069,0.00607958045163831
18072,-1
18073,0.649201103455545
18075,0.430840153742533
18077,-0.0735831943240677
18079,1
18080,0
18081,0.754592635772102
18082,0
18084,0
18087,1
18088,0
18092,0.0498565574220809
18093,-1
18094,-1
18096,-1
18097,1
18099,0
18101,1
18102,-0.183157195884792
18104,0
18105,0
18109,0.716946167182867
18110,0
18112,-1
18116,0
18117,0
18118,0.394268485716054
18121,0
18122,0.834418796239088
18123,0
18125,0
18126,0
18127,1
18130,-0.411395867211899
18135,0.823094931491093
18136,0
18139,0
18142,0
18143,1
18144,0.0800751763541121
18145,-1
18146,0
18147,-1
18149,0
18150,-1
18151,0
18154,-1
18155,-1
18156,0
18158,-1
18160,0
18161,0.998307764862445
18164,0
18165,0
18167,-0.043146176323261
18168,0
18169,0
18170,-1
18171,0.474169716550774
18172,0.433320227453454
18173,0
18174,0
18177,-1
18178,0
18179,-1
18180,-0.842126389006427
18181,0
18184,0
18188,-0.647063807824302
18189,0
18192,0
18193,-1
18194,-1
18196,0
18198,-0.384997979725696
18200,0
18203,0
18204,-1
18205,1
18209,0
18210,-0.941631619904934
18211,-0.63674492563626
18215,0
18216,0
18217,-1
18219,0.280094613346218
18221,-0.814049556440455
18222,0
18223,0.120405004418706
18225,-0.153690163412241
18226,-0.601481268994504
18228,-1
18229,0.170275857008263
18230,0.981759544011747
18232,0.555710621999306
18235,1
18236,-0.976389384342214
18237,-0.888449085639556
18240,0
18241,0.08974447591711
18242,0
18245,1
18246,0
18248,-1
18249,0
18251,0
18252,1
18255,0
18257,0.962858709608017
18259,1
18260,0
18261,-1
18262,0
18263,-1
18265,-1
18268,0
18270,0
18272,-0.55684722784368
18273,0
18274,0
18276,-1
18277,0
18278,0
18281,0
18282,-1
18283,0.25705254343724
18287,0
