Product,Total_Customers,Churned_Customers,Churn_Rate,Avg_Churn_Rate,Churn_Lift,Product_Label
KEY FOB ; GARAGE DESIGN,36,9,0.25,0.032,0.218,Risky_Product
METAL SIGN;CUPCAKE SINGLE HOOK,32,8,0.25,0.032,0.218,Risky_Product
SWISS ROLL TOWEL; CHOCOLATE SPOTS,32,8,0.25,0.032,0.218,Risky_Product
NURSERY A;B;C PAINTED LETTERS,32,6,0.188,0.032,0.156,Risky_Product
KEY FOB ; FRONT DOOR,67,12,0.179,0.032,0.147,Risky_Product
KEY FOB ; SHED,107,19,0.178,0.032,0.146,Risky_Product
FANCY FONT BIRTHDAY CARD,101,16,0.158,0.032,0.126,Risky_Product
AIRLINE LOUNGE;METAL SIGN,58,9,0.155,0.032,0.123,Risky_Product
SET 3 RETROSPOT TEA;COFFEE;SUGAR,98,14,0.143,0.032,0.111,Risky_Product
VINTAGE PAISLEY STATIONERY SET,79,11,0.139,0.032,0.107,Risky_Product
ELEPHANT; BIRTHDAY CARD,53,7,0.132,0.032,0.1,Risky_Product
FELTCRAFT BUTTERFLY HEARTS,32,4,0.125,0.032,0.093,Risky_Product
BIRTHDAY CARD; RETRO SPOT,58,7,0.121,0.032,0.089,Risky_Product
PURPLE DRAWERKNOB ACRYLIC EDWARDIAN,44,5,0.114,0.032,0.082,Risky_Product
SET/4 WHITE RETRO STORAGE CUBES,36,4,0.111,0.032,0.079,Risky_Product
WHITE SPOT RED CERAMIC DRAWER KNOB,46,5,0.109,0.032,0.077,Risky_Product
KEY FOB ; BACK DOOR,93,10,0.108,0.032,0.076,Risky_Product
PORCELAIN T-LIGHT HOLDERS ASSORTED,47,5,0.106,0.032,0.074,Risky_Product
PACK OF 12 WOODLAND TISSUES,57,6,0.105,0.032,0.073,Risky_Product
ROSE 1 WICK MORRIS BOXED CANDLE,69,7,0.101,0.032,0.069,Risky_Product
SET OF 4 ENGLISH ROSE PLACEMATS,40,4,0.1,0.032,0.068,Risky_Product
PACK OF 12 PINK POLKADOT TISSUES,40,4,0.1,0.032,0.068,Risky_Product
CHOCOLATE 1 WICK MORRIS BOX CANDLE,30,3,0.1,0.032,0.068,Risky_Product
FRAPPUCINO SCARF KNITTING KIT,30,3,0.1,0.032,0.068,Risky_Product
BUFFALO BILL TREASURE BOOK BOX,51,5,0.098,0.032,0.066,Risky_Product
SET OF 6 NATIVITY MAGNETS,113,11,0.097,0.032,0.065,Risky_Product
NATURAL HANGING QUILTED HEARTS,32,3,0.094,0.032,0.062,Risky_Product
PINK DRAWER KNOB ACRYLIC EDWARDIAN,32,3,0.094,0.032,0.062,Risky_Product
HERB MARKER MINT,32,3,0.094,0.032,0.062,Risky_Product
VINTAGE BEAD PINK PURSE,32,3,0.094,0.032,0.062,Risky_Product
CHRISTMAS HANGING TREE WITH BELL,54,5,0.093,0.032,0.061,Risky_Product
COLOUR GLASS. STAR T-LIGHT HOLDER,76,7,0.092,0.032,0.06,Risky_Product
PINK OWL SOFT TOY,65,6,0.092,0.032,0.06,Risky_Product
RED METAL BOX TOP SECRET,121,11,0.091,0.032,0.059,Risky_Product
FRENCH BLUE METAL DOOR SIGN 5,33,3,0.091,0.032,0.059,Risky_Product
WRAP POPPIES DESIGN,33,3,0.091,0.032,0.059,Risky_Product
HEART DECORATION RUSTIC HANGING,67,6,0.09,0.032,0.058,Risky_Product
HEART DECORATION PAINTED ZINC,45,4,0.089,0.032,0.057,Risky_Product
WHITE GOOSE FEATHER CHRISTMAS TREE,45,4,0.089,0.032,0.057,Risky_Product
HERB MARKER THYME,34,3,0.088,0.032,0.056,Risky_Product
GARLAND WITH STARS AND BELLS,34,3,0.088,0.032,0.056,Risky_Product
HAIRCLIPS FORTIES FABRIC ASSORTED,34,3,0.088,0.032,0.056,Risky_Product
COSY SLIPPER SHOES SMALL GREEN,34,3,0.088,0.032,0.056,Risky_Product
CARD SUKI BIRTHDAY,35,3,0.086,0.032,0.054,Risky_Product
SET OF 2 CHRISTMAS DECOUPAGE CANDLE,93,8,0.086,0.032,0.054,Risky_Product
MINI CAKE STAND WITH HANGING CAKES,35,3,0.086,0.032,0.054,Risky_Product
MAN FLU METAL SIGN,47,4,0.085,0.032,0.053,Risky_Product
VICTORIAN SEWING BOX LARGE,47,4,0.085,0.032,0.053,Risky_Product
TRAVEL CARD WALLET FLOWER MEADOW,36,3,0.083,0.032,0.051,Risky_Product
SNOWFLAKE PORTABLE TABLE LIGHT,72,6,0.083,0.032,0.051,Risky_Product
MIDNIGHT GLAMOUR SCARF KNITTING KIT,36,3,0.083,0.032,0.051,Risky_Product
SET OF 10 LANTERNS FAIRY LIGHT STAR,48,4,0.083,0.032,0.051,Risky_Product
SET OF 4 NAPKIN CHARMS CUTLERY,48,4,0.083,0.032,0.051,Risky_Product
RETRO MOD TRAY,49,4,0.082,0.032,0.05,Risky_Product
MINI PLAYING CARDS GYMKHANA,98,8,0.082,0.032,0.05,Risky_Product
12 PENCILS SMALL TUBE SKULL,73,6,0.082,0.032,0.05,Risky_Product
BOUDOIR SQUARE TISSUE BOX,74,6,0.081,0.032,0.049,Risky_Product
COOK WITH WINE METAL SIGN,161,13,0.081,0.032,0.049,Risky_Product
CALENDAR IN SEASON DESIGN,38,3,0.079,0.032,0.047,Risky_Product
CERAMIC CAKE STAND + HANGING CAKES,38,3,0.079,0.032,0.047,Risky_Product
IVORY SWEETHEART WIRE LETTER RACK,38,3,0.079,0.032,0.047,Risky_Product
MINI PLAYING CARDS DOLLY GIRL,114,9,0.079,0.032,0.047,Risky_Product
MEDIUM CERAMIC TOP STORAGE JAR,76,6,0.079,0.032,0.047,Risky_Product
FRYING PAN UNION FLAG,51,4,0.078,0.032,0.046,Risky_Product
EMBROIDERED RIBBON REEL REBECCA,39,3,0.077,0.032,0.045,Risky_Product
JAM JAR WITH GREEN LID,39,3,0.077,0.032,0.045,Risky_Product
HERB MARKER ROSEMARY,39,3,0.077,0.032,0.045,Risky_Product
RED STRIPE CERAMIC DRAWER KNOB,65,5,0.077,0.032,0.045,Risky_Product
CHRISTMAS GINGHAM TREE,92,7,0.076,0.032,0.044,Risky_Product
RED FLORAL FELTCRAFT SHOULDER BAG,107,8,0.075,0.032,0.043,Risky_Product
PAINTED METAL STAR WITH HOLLY BELLS,54,4,0.074,0.032,0.042,Risky_Product
PACK OF 12 SPACEBOY TISSUES,68,5,0.074,0.032,0.042,Risky_Product
PACK OF 6 SMALL FRUIT STRAWS,54,4,0.074,0.032,0.042,Risky_Product
BATH BUILDING BLOCK WORD,54,4,0.074,0.032,0.042,Risky_Product
HERB MARKER PARSLEY,41,3,0.073,0.032,0.041,Risky_Product
FUNKY DIVA PEN,41,3,0.073,0.032,0.041,Risky_Product
FOLKART CLIP ON STARS,41,3,0.073,0.032,0.041,Risky_Product
PACK OF 12 VINTAGE LEAF TISSUES,41,3,0.073,0.032,0.041,Risky_Product
SET OF 4 NAPKIN CHARMS STARS,41,3,0.073,0.032,0.041,Risky_Product
SHELF WITH 4 HOOKS HOME SWEET HOME,41,3,0.073,0.032,0.041,Risky_Product
PACK OF 12 RED RETROSPOT TISSUES,69,5,0.072,0.032,0.04,Risky_Product
DRAWER KNOB CRACKLE GLAZE PINK,56,4,0.071,0.032,0.039,Risky_Product
CHILDRENS TOY COOKING UTENSIL SET,98,7,0.071,0.032,0.039,Risky_Product
CHARLOTTE BAG DOLLY GIRL DESIGN,100,7,0.07,0.032,0.038,Risky_Product
HEART FILIGREE DOVE LARGE,43,3,0.07,0.032,0.038,Risky_Product
PACK OF 12 VINTAGE DOILY TISSUES,71,5,0.07,0.032,0.038,Risky_Product
PEG BAG APPLES DESIGN,43,3,0.07,0.032,0.038,Risky_Product
VICTORIAN SEWING BOX SMALL,72,5,0.069,0.032,0.037,Risky_Product
VINTAGE CHRISTMAS GIFT BAG LARGE,72,5,0.069,0.032,0.037,Risky_Product
WHITE GOOSE FEATHER TREE 60CM,44,3,0.068,0.032,0.036,Risky_Product
WOODLAND MINI BACKPACK,88,6,0.068,0.032,0.036,Risky_Product
HOME SWEET HOME KEY HOLDER,74,5,0.068,0.032,0.036,Risky_Product
FAIRY CAKES NOTEBOOK A6 SIZE,44,3,0.068,0.032,0.036,Risky_Product
FRENCH BLUE METAL DOOR SIGN 3,30,2,0.067,0.032,0.035,Risky_Product
JIGSAW RABBIT AND BIRDHOUSE,30,2,0.067,0.032,0.035,Risky_Product
GREEN DRAWER KNOB ACRYLIC EDWARDIAN,30,2,0.067,0.032,0.035,Risky_Product
ABSTRACT CIRCLES SKETCHBOOK,30,2,0.067,0.032,0.035,Risky_Product
WHITE SPOT BLUE CERAMIC DRAWER KNOB,60,4,0.067,0.032,0.035,Risky_Product
WOODEN TREE CHRISTMAS SCANDINAVIAN,243,16,0.066,0.032,0.034,Risky_Product
CLASSIC METAL BIRDCAGE PLANT HOLDER,76,5,0.066,0.032,0.034,Risky_Product
GIN + TONIC DIET METAL SIGN,167,11,0.066,0.032,0.034,Risky_Product
METAL SIGN EMPIRE TEA,91,6,0.066,0.032,0.034,Risky_Product
MINI PLAYING CARDS BUFFALO BILL,106,7,0.066,0.032,0.034,Risky_Product
LIPSTICK PEN FUSCHIA,61,4,0.066,0.032,0.034,Risky_Product
PACK OF 6 PANNETONE GIFT BOXES,31,2,0.065,0.032,0.033,Risky_Product
SAVE THE PLANET COTTON TOTE BAG,31,2,0.065,0.032,0.033,Risky_Product
SET OF 4 ENGLISH ROSE COASTERS,46,3,0.065,0.032,0.033,Risky_Product
RED LOVE HEART SHAPE CUP,31,2,0.065,0.032,0.033,Risky_Product
RED DRAWER KNOB ACRYLIC EDWARDIAN,31,2,0.065,0.032,0.033,Risky_Product
FRENCH KITCHEN SIGN BLUE METAL,31,2,0.065,0.032,0.033,Risky_Product
FIRST AID TIN,31,2,0.065,0.032,0.033,Risky_Product
CARAVAN SQUARE TISSUE BOX,62,4,0.065,0.032,0.033,Risky_Product
CARD BILLBOARD FONT,92,6,0.065,0.032,0.033,Risky_Product
BLACK HEART CARD HOLDER,47,3,0.064,0.032,0.032,Risky_Product
FELTCRAFT CUSHION OWL,140,9,0.064,0.032,0.032,Risky_Product
GINGHAM RECIPE BOOK BOX,78,5,0.064,0.032,0.032,Risky_Product
GLAMOROUS MUG,47,3,0.064,0.032,0.032,Risky_Product
HEART SHAPED HOLLY WREATH,109,7,0.064,0.032,0.032,Risky_Product
ROCKING HORSE GREEN CHRISTMAS,110,7,0.064,0.032,0.032,Risky_Product
REGENCY TEA PLATE GREEN,64,4,0.063,0.032,0.031,Risky_Product
"RECORD FRAME 7"" SINGLE SIZE",63,4,0.063,0.032,0.031,Risky_Product
SILVER HEARTS TABLE DECORATION,95,6,0.063,0.032,0.031,Risky_Product
OFFICE MUG WARMER PINK,32,2,0.063,0.032,0.031,Risky_Product
HOME SWEET HOME 2 DRAWER CABINET,48,3,0.063,0.032,0.031,Risky_Product
FRYING PAN RED RETROSPOT,48,3,0.063,0.032,0.031,Risky_Product
BAKING MOULD HEART MILK CHOCOLATE,32,2,0.063,0.032,0.031,Risky_Product
12 PENCIL SMALL TUBE WOODLAND,205,13,0.063,0.032,0.031,Risky_Product
WORLD WAR 2 GLIDERS ASSTD DESIGNS,190,12,0.063,0.032,0.031,Risky_Product
VINTAGE LEAF MAGNETIC NOTEPAD,128,8,0.063,0.032,0.031,Risky_Product
SMALL DOLLY MIX DESIGN ORANGE BOWL,144,9,0.063,0.032,0.031,Risky_Product
BLUE HAPPY BIRTHDAY BUNTING,65,4,0.062,0.032,0.03,Risky_Product
CHOCOLATE THIS WAY METAL SIGN,113,7,0.062,0.032,0.03,Risky_Product
BUTTON BOX,33,2,0.061,0.032,0.029,Risky_Product
CACTI T-LIGHT CANDLES,33,2,0.061,0.032,0.029,Risky_Product
EGG CUP MILKMAID HELGA,49,3,0.061,0.032,0.029,Risky_Product
GARLAND WITH HEARTS AND BELLS,33,2,0.061,0.032,0.029,Risky_Product
PRETTY HANGING QUILTED HEARTS,33,2,0.061,0.032,0.029,Risky_Product
RED RETROSPOT PLATE,49,3,0.061,0.032,0.029,Risky_Product
ROUND CONTAINER SET OF 5 RETROSPOT,33,2,0.061,0.032,0.029,Risky_Product
SAVE THE PLANET MUG,83,5,0.06,0.032,0.028,Risky_Product
PENNY FARTHING BIRTHDAY CARD,50,3,0.06,0.032,0.028,Risky_Product
METAL SIGN DROP YOUR PANTS,134,8,0.06,0.032,0.028,Risky_Product
DOORSTOP RETROSPOT HEART,83,5,0.06,0.032,0.028,Risky_Product
DOORMAT WELCOME PUPPIES,50,3,0.06,0.032,0.028,Risky_Product
FANCY FONTS BIRTHDAY WRAP,83,5,0.06,0.032,0.028,Risky_Product
60 CAKE CASES DOLLY GIRL DESIGN,117,7,0.06,0.032,0.028,Risky_Product
50'S CHRISTMAS PAPER GIFT BAG,85,5,0.059,0.032,0.027,Risky_Product
CARDHOLDER GINGHAM STAR,34,2,0.059,0.032,0.027,Risky_Product
CHILDRENS CUTLERY DOLLY GIRL,102,6,0.059,0.032,0.027,Risky_Product
DRAWER KNOB CRACKLE GLAZE IVORY,51,3,0.059,0.032,0.027,Risky_Product
MAKE YOUR OWN FLOWERPOWER CARD KIT,68,4,0.059,0.032,0.027,Risky_Product
PACK 3 BOXES CHRISTMAS PANNETONE,34,2,0.059,0.032,0.027,Risky_Product
SET OF 10 LED DOLLY LIGHTS,153,9,0.059,0.032,0.027,Risky_Product
SILVER FABRIC MIRROR,34,2,0.059,0.032,0.027,Risky_Product
RETRO LONGBOARD IRONING BOARD COVER,34,2,0.059,0.032,0.027,Risky_Product
RETROSPOT RED WASHING UP GLOVES,34,2,0.059,0.032,0.027,Risky_Product
WOODLAND LARGE RED FELT HEART,34,2,0.059,0.032,0.027,Risky_Product
OFFICE MUG WARMER CHOC+BLUE,52,3,0.058,0.032,0.026,Risky_Product
PINK DOUGHNUT TRINKET POT,69,4,0.058,0.032,0.026,Risky_Product
PANTRY SCRUBBING BRUSH,52,3,0.058,0.032,0.026,Risky_Product
BLUE STRIPE CERAMIC DRAWER KNOB,69,4,0.058,0.032,0.026,Risky_Product
BABUSHKA LIGHTS STRING OF 10,35,2,0.057,0.032,0.025,Risky_Product
EMBROIDERED RIBBON REEL SALLY,53,3,0.057,0.032,0.025,Risky_Product
HERB MARKER CHIVES,35,2,0.057,0.032,0.025,Risky_Product
PAPER BUNTING RETROSPOT,88,5,0.057,0.032,0.025,Risky_Product
ORIGAMI LAVENDER INCENSE/CANDL SET,35,2,0.057,0.032,0.025,Risky_Product
PACK OF 12 SKULL TISSUES,53,3,0.057,0.032,0.025,Risky_Product
RAIN PONCHO RETROSPOT,70,4,0.057,0.032,0.025,Risky_Product
STORAGE TIN VINTAGE DOILY,88,5,0.057,0.032,0.025,Risky_Product
RED ENCHANTED FOREST PLACEMAT,36,2,0.056,0.032,0.024,Risky_Product
SET OF 6 T-LIGHTS SNOWMEN,107,6,0.056,0.032,0.024,Risky_Product
SET OF 3 NOTEBOOKS IN PARCEL,107,6,0.056,0.032,0.024,Risky_Product
PACK OF 6 COCKTAIL PARASOL STRAWS,54,3,0.056,0.032,0.024,Risky_Product
PINK PAISLEY SQUARE TISSUE BOX,72,4,0.056,0.032,0.024,Risky_Product
HOME SWEET HOME BOTTLE,54,3,0.056,0.032,0.024,Risky_Product
HOME BUILDING BLOCK WORD,146,8,0.055,0.032,0.023,Risky_Product
BOX OF 24 COCKTAIL PARASOLS,127,7,0.055,0.032,0.023,Risky_Product
CHRISTMAS METAL TAGS ASSORTED,110,6,0.055,0.032,0.023,Risky_Product
PARTY BUNTING,182,10,0.055,0.032,0.023,Risky_Product
PACK OF 12 PAISLEY PARK TISSUES,73,4,0.055,0.032,0.023,Risky_Product
MUSICAL ZINC HEART DECORATION,109,6,0.055,0.032,0.023,Risky_Product
SET OF 5 PANCAKE DAY MAGNETS,73,4,0.055,0.032,0.023,Risky_Product
RED CHARLIE+LOLA PERSONAL DOORSIGN,73,4,0.055,0.032,0.023,Risky_Product
RED SPOT GIFT BAG LARGE,73,4,0.055,0.032,0.023,Risky_Product
SMALL IVORY HEART WALL ORGANISER,55,3,0.055,0.032,0.023,Risky_Product
WRAP RED VINTAGE DOILY,55,3,0.055,0.032,0.023,Risky_Product
VINTAGE SNAKES & LADDERS,112,6,0.054,0.032,0.022,Risky_Product
STRAWBERRY LUNCH BOX WITH CUTLERY,93,5,0.054,0.032,0.022,Risky_Product
TRAVEL CARD WALLET RETROSPOT,56,3,0.054,0.032,0.022,Risky_Product
TRAVEL CARD WALLET SUKI,56,3,0.054,0.032,0.022,Risky_Product
POPPY'S PLAYHOUSE KITCHEN,111,6,0.054,0.032,0.022,Risky_Product
SET OF 3 WOODEN SLEIGH DECORATIONS,205,11,0.054,0.032,0.022,Risky_Product
OVEN MITT APPLES DESIGN,74,4,0.054,0.032,0.022,Risky_Product
PANTRY KITCHEN THERMOMETER,37,2,0.054,0.032,0.022,Risky_Product
MEDIUM PARLOUR PICTURE FRAME,56,3,0.054,0.032,0.022,Risky_Product
CLEAR DRAWER KNOB ACRYLIC EDWARDIAN,74,4,0.054,0.032,0.022,Risky_Product
10 COLOUR SPACEBOY PEN,92,5,0.054,0.032,0.022,Risky_Product
GLITTER CHRISTMAS TREE,37,2,0.054,0.032,0.022,Risky_Product
HAND OVER THE CHOCOLATE SIGN,149,8,0.054,0.032,0.022,Risky_Product
DISCO BALL CHRISTMAS DECORATION,148,8,0.054,0.032,0.022,Risky_Product
DISCO BALL ROTATOR BATTERY OPERATED,37,2,0.054,0.032,0.022,Risky_Product
FAWN BLUE HOT WATER BOTTLE,224,12,0.054,0.032,0.022,Risky_Product
ENGLISH ROSE NOTEBOOK A7 SIZE,95,5,0.053,0.032,0.021,Risky_Product
GROW A FLYTRAP OR SUNFLOWER IN TIN,76,4,0.053,0.032,0.021,Risky_Product
HERB MARKER BASIL,38,2,0.053,0.032,0.021,Risky_Product
4 WILDFLOWER BOTANICAL CANDLES,38,2,0.053,0.032,0.021,Risky_Product
BAKING SET SPACEBOY DESIGN,187,10,0.053,0.032,0.021,Risky_Product
CHRISTMAS CARD SCREEN PRINT,38,2,0.053,0.032,0.021,Risky_Product
LUNCH BOX WITH CUTLERY RETROSPOT,76,4,0.053,0.032,0.021,Risky_Product
PACK OF 60 DINOSAUR CAKE CASES,133,7,0.053,0.032,0.021,Risky_Product
SET/6 TURQUOISE BUTTERFLY T-LIGHTS,38,2,0.053,0.032,0.021,Risky_Product
RED HARMONICA IN BOX,132,7,0.053,0.032,0.021,Risky_Product
ROSE 3 WICK MORRIS BOX CANDLE,95,5,0.053,0.032,0.021,Risky_Product
ROLL WRAP VINTAGE SPOT,227,12,0.053,0.032,0.021,Risky_Product
TOY TIDY DOLLY GIRL DESIGN,38,2,0.053,0.032,0.021,Risky_Product
WOOD 2 DRAWER CABINET WHITE FINISH,189,10,0.053,0.032,0.021,Risky_Product
WOODEN PICTURE FRAME WHITE FINISH,225,12,0.053,0.032,0.021,Risky_Product
REGENCY TEA PLATE ROSES,77,4,0.052,0.032,0.02,Risky_Product
POSTAGE,328,17,0.052,0.032,0.02,Risky_Product
SET OF 12 VINTAGE POSTCARD SET,58,3,0.052,0.032,0.02,Risky_Product
PEARLISED IVORY HEART LARGE,58,3,0.052,0.032,0.02,Risky_Product
MAGIC DRAWING SLATE CIRCUS PARADE,77,4,0.052,0.032,0.02,Risky_Product
MINI PLAYING CARDS FUN FAIR,58,3,0.052,0.032,0.02,Risky_Product
MINIATURE ANTIQUE ROSE HOOK IVORY,96,5,0.052,0.032,0.02,Risky_Product
CHRISTMAS PUDDING TRINKET POT,153,8,0.052,0.032,0.02,Risky_Product
CARROT CHARLIE+LOLA COASTER SET,59,3,0.051,0.032,0.019,Risky_Product
HOLIDAY FUN LUDO,78,4,0.051,0.032,0.019,Risky_Product
HEART MINI PORTRAIT FRAME,118,6,0.051,0.032,0.019,Risky_Product
NOEL WOODEN BLOCK LETTERS,78,4,0.051,0.032,0.019,Risky_Product
SET OF 2 CERAMIC PAINTED HEARTS,78,4,0.051,0.032,0.019,Risky_Product
SCANDINAVIAN PAISLEY PICNIC BAG,59,3,0.051,0.032,0.019,Risky_Product
SILVER STARS TABLE DECORATION,156,8,0.051,0.032,0.019,Risky_Product
ROUND SNACK BOXES SET OF 4 SKULLS,59,3,0.051,0.032,0.019,Risky_Product
ZINC METAL HEART DECORATION,177,9,0.051,0.032,0.019,Risky_Product
TOOTHPASTE TUBE PEN,59,3,0.051,0.032,0.019,Risky_Product
STOOL HOME SWEET HOME,39,2,0.051,0.032,0.019,Risky_Product
SMALL WHITE HEART OF WICKER,335,17,0.051,0.032,0.019,Risky_Product
SMALL FOLDING SCISSOR(POINTED EDGE),39,2,0.051,0.032,0.019,Risky_Product
SKULL SHOULDER BAG,39,2,0.051,0.032,0.019,Risky_Product
SWALLOW WOODEN CHRISTMAS DECORATION,119,6,0.05,0.032,0.018,Risky_Product
WICKER WREATH LARGE,80,4,0.05,0.032,0.018,Risky_Product
WALL ART HORSE & PONY,40,2,0.05,0.032,0.018,Risky_Product
PLASTERS IN TIN VINTAGE PAISLEY,181,9,0.05,0.032,0.018,Risky_Product
SET OF 4 NAPKIN CHARMS HEARTS,60,3,0.05,0.032,0.018,Risky_Product
SET OF 4 KNICK KNACK TINS LEAF,60,3,0.05,0.032,0.018,Risky_Product
PACK OF 12 VINTAGE CHRISTMAS TISSUE,119,6,0.05,0.032,0.018,Risky_Product
PETIT TRAY CHIC,80,4,0.05,0.032,0.018,Risky_Product
MILK MAIDS MUG,40,2,0.05,0.032,0.018,Risky_Product
FELTCRAFT PRINCESS CHARLOTTE DOLL,160,8,0.05,0.032,0.018,Risky_Product
6 GIFT TAGS VINTAGE CHRISTMAS,221,11,0.05,0.032,0.018,Risky_Product
ANTIQUE SILVER TEA GLASS ENGRAVED,123,6,0.049,0.032,0.017,Risky_Product
CERAMIC PLATE STRAWBERRY DESIGN,41,2,0.049,0.032,0.017,Risky_Product
CHRISTMAS GINGHAM STAR,103,5,0.049,0.032,0.017,Risky_Product
CLOTHES PEGS RETROSPOT PACK 24,164,8,0.049,0.032,0.017,Risky_Product
FLORAL FOLK STATIONERY SET,143,7,0.049,0.032,0.017,Risky_Product
HEART IVORY TRELLIS SMALL,61,3,0.049,0.032,0.017,Risky_Product
PACK OF 12 DOLLY GIRL TISSUES,61,3,0.049,0.032,0.017,Risky_Product
SET OF 5 LUCKY CAT MAGNETS,81,4,0.049,0.032,0.017,Risky_Product
SET OF 2 TEA TOWELS APPLE AND PEARS,82,4,0.049,0.032,0.017,Risky_Product
RED RETROSPOT PICNIC BAG,41,2,0.049,0.032,0.017,Risky_Product
VINTAGE CHRISTMAS PAPER GIFT BAG,61,3,0.049,0.032,0.017,Risky_Product
WOODEN HEART CHRISTMAS SCANDINAVIAN,388,19,0.049,0.032,0.017,Risky_Product
VICTORIAN SEWING BOX MEDIUM,61,3,0.049,0.032,0.017,Risky_Product
TRAVEL CARD WALLET KEEP CALM,145,7,0.048,0.032,0.016,Risky_Product
TEA TIME OVEN GLOVE,83,4,0.048,0.032,0.016,Risky_Product
TOILET SIGN OCCUPIED OR VACANT,63,3,0.048,0.032,0.016,Risky_Product
VINTAGE JINGLE BELLS HEART,124,6,0.048,0.032,0.016,Risky_Product
ROMANTIC PINKS RIBBONS,63,3,0.048,0.032,0.016,Risky_Product
POPPY'S PLAYHOUSE BEDROOM,104,5,0.048,0.032,0.016,Risky_Product
SET OF 3 BUTTERFLY COOKIE CUTTERS,165,8,0.048,0.032,0.016,Risky_Product
SET OF 6 SNACK LOAF BAKING CASES,145,7,0.048,0.032,0.016,Risky_Product
PACK OF 12 RED APPLE TISSUES,42,2,0.048,0.032,0.016,Risky_Product
OFFICE MUG WARMER BLACK+SILVER,42,2,0.048,0.032,0.016,Risky_Product
PENS ASSORTED SPACEBALL,63,3,0.048,0.032,0.016,Risky_Product
PINK FAIRY CAKE CHILDRENS APRON,167,8,0.048,0.032,0.016,Risky_Product
PARTY METAL SIGN,126,6,0.048,0.032,0.016,Risky_Product
PARTY TIME PENCIL ERASERS,42,2,0.048,0.032,0.016,Risky_Product
PANTRY 3 HOOK ROLLING PIN HANGER,42,2,0.048,0.032,0.016,Risky_Product
METAL SIGN HIS DINNER IS SERVED,42,2,0.048,0.032,0.016,Risky_Product
HOME SWEET HOME MUG,83,4,0.048,0.032,0.016,Risky_Product
GIN AND TONIC MUG,62,3,0.048,0.032,0.016,Risky_Product
EGG CUP MILKMAID INGRID,62,3,0.048,0.032,0.016,Risky_Product
EDWARDIAN PARASOL BLACK,83,4,0.048,0.032,0.016,Risky_Product
CHRISTMAS CRAFT TREE TOP ANGEL,272,13,0.048,0.032,0.016,Risky_Product
CERAMIC STRAWBERRY CAKE MONEY BANK,84,4,0.048,0.032,0.016,Risky_Product
CHARLOTTE BAG SUKI DESIGN,146,7,0.048,0.032,0.016,Risky_Product
CARD HOLDER GINGHAM HEART,63,3,0.048,0.032,0.016,Risky_Product
AIRLINE BAG VINTAGE WORLD CHAMPION,42,2,0.048,0.032,0.016,Risky_Product
GLASS JAR ENGLISH CONFECTIONERY,64,3,0.047,0.032,0.015,Risky_Product
HANGING BUTTERFLY T-LIGHT HOLDER,85,4,0.047,0.032,0.015,Risky_Product
JUMBO BAG PINK VINTAGE PAISLEY,149,7,0.047,0.032,0.015,Risky_Product
SET OF 6 T-LIGHTS CACTI,43,2,0.047,0.032,0.015,Risky_Product
RUSTIC MIRROR WITH LACE HEART,43,2,0.047,0.032,0.015,Risky_Product
STRAWBERRY CHARLOTTE BAG,107,5,0.047,0.032,0.015,Risky_Product
WICKER STAR,196,9,0.046,0.032,0.014,Risky_Product
WOODEN STAR CHRISTMAS SCANDINAVIAN,415,19,0.046,0.032,0.014,Risky_Product
SET 2 PANTRY DESIGN TEA TOWELS,65,3,0.046,0.032,0.014,Risky_Product
SET OF 3 WOODEN TREE DECORATIONS,195,9,0.046,0.032,0.014,Risky_Product
LADIES & GENTLEMEN METAL SIGN,130,6,0.046,0.032,0.014,Risky_Product
MODERN FLORAL STATIONERY SET,108,5,0.046,0.032,0.014,Risky_Product
HANGING HEART WITH BELL,108,5,0.046,0.032,0.014,Risky_Product
GINGHAM HEART DECORATION,173,8,0.046,0.032,0.014,Risky_Product
HEART T-LIGHT HOLDER WILLIE WINKIE,65,3,0.046,0.032,0.014,Risky_Product
FELTCRAFT PRINCESS OLIVIA DOLL,131,6,0.046,0.032,0.014,Risky_Product
BLUE SPOT CERAMIC DRAWER KNOB,65,3,0.046,0.032,0.014,Risky_Product
CHRISTMAS CRAFT WHITE FAIRY,262,12,0.046,0.032,0.014,Risky_Product
CHRISTMAS TREE HANGING GOLD,44,2,0.045,0.032,0.013,Risky_Product
BOTANICAL GARDENS WALL CLOCK,132,6,0.045,0.032,0.013,Risky_Product
CHARLIE+LOLA MY ROOM DOOR SIGN,44,2,0.045,0.032,0.013,Risky_Product
BISCUIT TIN 50'S CHRISTMAS,201,9,0.045,0.032,0.013,Risky_Product
12 PENCILS SMALL TUBE RED RETROSPOT,178,8,0.045,0.032,0.013,Risky_Product
36 PENCILS TUBE RED RETROSPOT,88,4,0.045,0.032,0.013,Risky_Product
EGG FRYING PAN BLUE,44,2,0.045,0.032,0.013,Risky_Product
JAZZ HEARTS ADDRESS BOOK,89,4,0.045,0.032,0.013,Risky_Product
GUMBALL MAGAZINE RACK,44,2,0.045,0.032,0.013,Risky_Product
PACK OF 20 NAPKINS PANTRY DESIGN,112,5,0.045,0.032,0.013,Risky_Product
PENS ASSORTED FUNNY FACE,89,4,0.045,0.032,0.013,Risky_Product
JUMBO BAG VINTAGE CHRISTMAS,292,13,0.045,0.032,0.013,Risky_Product
SET 12 VINTAGE DOILY CHALK,157,7,0.045,0.032,0.013,Risky_Product
PLEASE ONE PERSON METAL SIGN,177,8,0.045,0.032,0.013,Risky_Product
ZINC FOLKART SLEIGH BELLS,291,13,0.045,0.032,0.013,Risky_Product
TOY TIDY SPACEBOY,66,3,0.045,0.032,0.013,Risky_Product
SWISS CHALET TREE DECORATION,45,2,0.044,0.032,0.012,Risky_Product
SWEETHEART CERAMIC TRINKET BOX,113,5,0.044,0.032,0.012,Risky_Product
RED SPOT PAPER GIFT BAG,90,4,0.044,0.032,0.012,Risky_Product
SET 12 COLOUR PENCILS DOLLY GIRL,159,7,0.044,0.032,0.012,Risky_Product
SET 12 COLOUR PENCILS SPACEBOY,225,10,0.044,0.032,0.012,Risky_Product
SET/10 PINK POLKADOT PARTY CANDLES,68,3,0.044,0.032,0.012,Risky_Product
KEY RING BASEBALL BOOT ASSORTED,114,5,0.044,0.032,0.012,Risky_Product
LOVE BUILDING BLOCK WORD,113,5,0.044,0.032,0.012,Risky_Product
METAL MERRY CHRISTMAS WREATH,45,2,0.044,0.032,0.012,Risky_Product
MAGNETS PACK OF 4 RETRO PHOTO,45,2,0.044,0.032,0.012,Risky_Product
LOVEBIRD HANGING DECORATION WHITE,90,4,0.044,0.032,0.012,Risky_Product
EIGHT PIECE SNAKE SET,45,2,0.044,0.032,0.012,Risky_Product
DOLLY GIRL CHILDRENS BOWL,68,3,0.044,0.032,0.012,Risky_Product
FILIGREE HEART BIRD WHITE,45,2,0.044,0.032,0.012,Risky_Product
EMBROIDERED RIBBON REEL ROSIE,45,2,0.044,0.032,0.012,Risky_Product
EMBROIDERED RIBBON REEL EMILY,68,3,0.044,0.032,0.012,Risky_Product
BATHROOM METAL SIGN,90,4,0.044,0.032,0.012,Risky_Product
CHRISTMAS TREE PAINTED ZINC,45,2,0.044,0.032,0.012,Risky_Product
CHICK GREY HOT WATER BOTTLE,185,8,0.043,0.032,0.011,Risky_Product
CALENDAR PAPER CUT DESIGN,46,2,0.043,0.032,0.011,Risky_Product
3D CHRISTMAS STAMPS STICKERS,70,3,0.043,0.032,0.011,Risky_Product
3 PIECE SPACEBOY COOKIE CUTTER SET,116,5,0.043,0.032,0.011,Risky_Product
6 GIFT TAGS 50'S CHRISTMAS,235,10,0.043,0.032,0.011,Risky_Product
6 RIBBONS SHIMMERING PINKS,46,2,0.043,0.032,0.011,Risky_Product
DOORMAT RED RETROSPOT,141,6,0.043,0.032,0.011,Risky_Product
DOORMAT TOPIARY,46,2,0.043,0.032,0.011,Risky_Product
GREEN GOOSE FEATHER TREE 60CM,46,2,0.043,0.032,0.011,Risky_Product
IVORY WICKER HEART MEDIUM,187,8,0.043,0.032,0.011,Risky_Product
ICON MUG REVOLUTIONARY,47,2,0.043,0.032,0.011,Risky_Product
IVORY KITCHEN SCALES,210,9,0.043,0.032,0.011,Risky_Product
PACK OF 20 SKULL PAPER NAPKINS,46,2,0.043,0.032,0.011,Risky_Product
NATURAL SLATE CHALKBOARD LARGE,92,4,0.043,0.032,0.011,Risky_Product
SET/6 PINK BUTTERFLY T-LIGHTS,47,2,0.043,0.032,0.011,Risky_Product
SET OF 6 T-LIGHTS SANTA,139,6,0.043,0.032,0.011,Risky_Product
SET OF 72 PINK HEART PAPER DOILIES,70,3,0.043,0.032,0.011,Risky_Product
SET OF 4 KNICK KNACK TINS POPPIES,69,3,0.043,0.032,0.011,Risky_Product
SET 6 PAPER TABLE LANTERN STARS,162,7,0.043,0.032,0.011,Risky_Product
SET OF 2 CERAMIC CHRISTMAS TREES,70,3,0.043,0.032,0.011,Risky_Product
ROCKING HORSE RED CHRISTMAS,141,6,0.043,0.032,0.011,Risky_Product
POPPY'S PLAYHOUSE LIVINGROOM,69,3,0.043,0.032,0.011,Risky_Product
RECIPE BOX PANTRY YELLOW DESIGN,230,10,0.043,0.032,0.011,Risky_Product
SWEETHEART BIRD HOUSE,93,4,0.043,0.032,0.011,Risky_Product
VINTAGE BILLBOARD LOVE/HATE MUG,47,2,0.043,0.032,0.011,Risky_Product
WOODLAND CHARLOTTE BAG,141,6,0.043,0.032,0.011,Risky_Product
WRAP ALPHABET DESIGN,46,2,0.043,0.032,0.011,Risky_Product
WALL ART VILLAGE SHOW,71,3,0.042,0.032,0.01,Risky_Product
TRADITIONAL MODELLING CLAY,143,6,0.042,0.032,0.01,Risky_Product
SPACEBOY GIFT WRAP,72,3,0.042,0.032,0.01,Risky_Product
RED RETROSPOT PEG BAG,71,3,0.042,0.032,0.01,Risky_Product
SCOTTIE DOGS BABY BIB,48,2,0.042,0.032,0.01,Risky_Product
MOTORING TISSUE BOX,96,4,0.042,0.032,0.01,Risky_Product
MOUSE TOY WITH PINK T-SHIRT,48,2,0.042,0.032,0.01,Risky_Product
NOVELTY BISCUITS CAKE STAND 3 TIER,48,2,0.042,0.032,0.01,Risky_Product
OVAL MINI PORTRAIT FRAME,71,3,0.042,0.032,0.01,Risky_Product
PHOTO CUBE,71,3,0.042,0.032,0.01,Risky_Product
PHOTO FRAME CORNICE,119,5,0.042,0.032,0.01,Risky_Product
LETTER HOLDER HOME SWEET HOME,72,3,0.042,0.032,0.01,Risky_Product
LADS ONLY TISSUE BOX,71,3,0.042,0.032,0.01,Risky_Product
HOT BATHS METAL SIGN,144,6,0.042,0.032,0.01,Risky_Product
FELTCRAFT DOLL ROSIE,96,4,0.042,0.032,0.01,Risky_Product
ALARM CLOCK BAKELIKE PINK,238,10,0.042,0.032,0.01,Risky_Product
CERAMIC HEART FAIRY CAKE MONEY BANK,96,4,0.042,0.032,0.01,Risky_Product
CARD MOTORBIKE SANTA,148,6,0.041,0.032,0.009,Risky_Product
EMPIRE TISSUE BOX,73,3,0.041,0.032,0.009,Risky_Product
EGG CUP MILKMAID HEIDI,73,3,0.041,0.032,0.009,Risky_Product
HOME SWEET HOME HOOK,49,2,0.041,0.032,0.009,Risky_Product
GYMKHANA TREASURE BOOK BOX,73,3,0.041,0.032,0.009,Risky_Product
NOEL GARLAND PAINTED ZINC,73,3,0.041,0.032,0.009,Risky_Product
SET 36 COLOUR PENCILS SPACEBOY,148,6,0.041,0.032,0.009,Risky_Product
SKULL LUNCH BOX WITH CUTLERY,74,3,0.041,0.032,0.009,Risky_Product
RIBBON REEL CHRISTMAS SOCK BAUBLE,147,6,0.041,0.032,0.009,Risky_Product
ROSES REGENCY TEACUP AND SAUCER,169,7,0.041,0.032,0.009,Risky_Product
STRAWBERRY SHOPPER BAG,73,3,0.041,0.032,0.009,Risky_Product
SPACEBOY CHILDRENS CUP,74,3,0.041,0.032,0.009,Risky_Product
THREE MINI HANGING FRAMES,74,3,0.041,0.032,0.009,Risky_Product
TOMATO CHARLIE+LOLA COASTER SET,49,2,0.041,0.032,0.009,Risky_Product
WHITE WOOD GARDEN PLANT LADDER,97,4,0.041,0.032,0.009,Risky_Product
WOODEN ADVENT CALENDAR CREAM,74,3,0.041,0.032,0.009,Risky_Product
VINTAGE SNAP CARDS,319,13,0.041,0.032,0.009,Risky_Product
WELCOME WOODEN BLOCK LETTERS,50,2,0.04,0.032,0.008,Risky_Product
WRAP ENGLISH ROSE,50,2,0.04,0.032,0.008,Risky_Product
TOOL BOX SOFT TOY,50,2,0.04,0.032,0.008,Risky_Product
TOADSTOOL BEDSIDE LIGHT,50,2,0.04,0.032,0.008,Risky_Product
TRADITIONAL NAUGHTS & CROSSES,327,13,0.04,0.032,0.008,Risky_Product
RED SPOT CERAMIC DRAWER KNOB,50,2,0.04,0.032,0.008,Risky_Product
SET OF 3 WOODEN STOCKING DECORATION,227,9,0.04,0.032,0.008,Risky_Product
PACK OF 72 SKULL CAKE CASES,124,5,0.04,0.032,0.008,Risky_Product
PINK FLORAL FELTCRAFT SHOULDER BAG,100,4,0.04,0.032,0.008,Risky_Product
PAINTED METAL PEARS ASSORTED,124,5,0.04,0.032,0.008,Risky_Product
LIPSTICK PEN BABY PINK,50,2,0.04,0.032,0.008,Risky_Product
GREEN REGENCY TEACUP AND SAUCER,149,6,0.04,0.032,0.008,Risky_Product
GIANT 50'S CHRISTMAS CRACKER,297,12,0.04,0.032,0.008,Risky_Product
GLITTER CHRISTMAS TREE WITH BELLS,75,3,0.04,0.032,0.008,Risky_Product
DRAWER KNOB CERAMIC IVORY,99,4,0.04,0.032,0.008,Risky_Product
FOLDING BUTTERFLY MIRROR RED,50,2,0.04,0.032,0.008,Risky_Product
CERAMIC PIRATE CHEST MONEY BANK,50,2,0.04,0.032,0.008,Risky_Product
3 DRAWER ANTIQUE WHITE WOOD CABINET,177,7,0.04,0.032,0.008,Risky_Product
ALARM CLOCK BAKELIKE GREEN,307,12,0.039,0.032,0.007,Risky_Product
CHILDRENS APRON APPLES DESIGN,102,4,0.039,0.032,0.007,Risky_Product
CHERUB HEART DECORATION SILVER,51,2,0.039,0.032,0.007,Risky_Product
BUBBLEGUM RING ASSORTED,128,5,0.039,0.032,0.007,Risky_Product
CHRISTMAS LIGHTS 10 VINTAGE BAUBLES,76,3,0.039,0.032,0.007,Risky_Product
FILIGRIS HEART WITH BUTTERFLY,51,2,0.039,0.032,0.007,Risky_Product
FEATHER PEN;LIGHT PINK,51,2,0.039,0.032,0.007,Risky_Product
GARDENERS KNEELING PAD CUP OF TEA,305,12,0.039,0.032,0.007,Risky_Product
HEART OF WICKER SMALL,311,12,0.039,0.032,0.007,Risky_Product
MILK PAN RED RETROSPOT,51,2,0.039,0.032,0.007,Risky_Product
SKETCHBOOK MAGNETIC SHOPPING LIST,127,5,0.039,0.032,0.007,Risky_Product
SET/6 PURPLE BUTTERFLY T-LIGHTS,51,2,0.039,0.032,0.007,Risky_Product
ROLL WRAP 50'S CHRISTMAS,284,11,0.039,0.032,0.007,Risky_Product
SWEETHEART RECIPE BOOK STAND,103,4,0.039,0.032,0.007,Risky_Product
WOODEN FRAME ANTIQUE WHITE,284,11,0.039,0.032,0.007,Risky_Product
WALL ART STOP FOR TEA,178,7,0.039,0.032,0.007,Risky_Product
VINTAGE DOILY JUMBO BAG RED,331,13,0.039,0.032,0.007,Risky_Product
VINTAGE CREAM DOG FOOD CONTAINER,78,3,0.038,0.032,0.006,Risky_Product
WICKER WREATH SMALL,79,3,0.038,0.032,0.006,Risky_Product
SPACEBOY LUNCH BOX,182,7,0.038,0.032,0.006,Risky_Product
SMALL PARLOUR PICTURE FRAME,53,2,0.038,0.032,0.006,Risky_Product
ROUND SNACK BOXES SET OF4 WOODLAND,185,7,0.038,0.032,0.006,Risky_Product
RETROSPOT PARTY BAG + STICKER SET,79,3,0.038,0.032,0.006,Risky_Product
REGENCY TEA PLATE PINK,52,2,0.038,0.032,0.006,Risky_Product
SET OF 4 SANTA PLACE SETTINGS,78,3,0.038,0.032,0.006,Risky_Product
SET OF 3 WOODEN HEART DECORATIONS,260,10,0.038,0.032,0.006,Risky_Product
LANDMARK FRAME NOTTING HILL,80,3,0.038,0.032,0.006,Risky_Product
JUMBO BAG DOLLY GIRL DESIGN,80,3,0.038,0.032,0.006,Risky_Product
JUMBO BAG PAISLEY PARK,399,15,0.038,0.032,0.006,Risky_Product
PINK POLKADOT WRAP,53,2,0.038,0.032,0.006,Risky_Product
HEART OF WICKER LARGE,238,9,0.038,0.032,0.006,Risky_Product
HEART FILIGREE DOVE SMALL,52,2,0.038,0.032,0.006,Risky_Product
HEART CALCULATOR,52,2,0.038,0.032,0.006,Risky_Product
GLASS APOTHECARY BOTTLE PERFUME,106,4,0.038,0.032,0.006,Risky_Product
FELTCRAFT BOY JEAN-PAUL KIT,53,2,0.038,0.032,0.006,Risky_Product
ENGLISH ROSE SPIRIT LEVEL,53,2,0.038,0.032,0.006,Risky_Product
FELTCRAFT PRINCESS LOLA DOLL,184,7,0.038,0.032,0.006,Risky_Product
DOORMAT FAIRY CAKE,52,2,0.038,0.032,0.006,Risky_Product
CHRISTMAS MUSICAL ZINC STAR,78,3,0.038,0.032,0.006,Risky_Product
CHRISTMAS CRAFT LITTLE FRIENDS,346,13,0.038,0.032,0.006,Risky_Product
BAG 500g SWIRLY MARBLES,80,3,0.038,0.032,0.006,Risky_Product
4 LILY BOTANICAL DINNER CANDLES,53,2,0.038,0.032,0.006,Risky_Product
3 STRIPEY MICE FELTCRAFT,182,7,0.038,0.032,0.006,Risky_Product
50'S CHRISTMAS GIFT BAG LARGE,109,4,0.037,0.032,0.005,Risky_Product
CHILLI LIGHTS,187,7,0.037,0.032,0.005,Risky_Product
CLASSIC CHROME BICYCLE BELL,267,10,0.037,0.032,0.005,Risky_Product
CREAM HEART CARD HOLDER,136,5,0.037,0.032,0.005,Risky_Product
CARD CHRISTMAS VILLAGE,135,5,0.037,0.032,0.005,Risky_Product
CARDHOLDER HOLLY WREATH METAL,82,3,0.037,0.032,0.005,Risky_Product
DOORMAT VINTAGE LEAF,108,4,0.037,0.032,0.005,Risky_Product
DOLLY CABINET 3 DRAWERS,54,2,0.037,0.032,0.005,Risky_Product
DRAWER KNOB CRACKLE GLAZE GREEN,54,2,0.037,0.032,0.005,Risky_Product
EMBROIDERED RIBBON REEL DAISY,54,2,0.037,0.032,0.005,Risky_Product
FELTCRAFT HAIRBANDS PINK AND WHITE,54,2,0.037,0.032,0.005,Risky_Product
JAM JAR WITH PINK LID,54,2,0.037,0.032,0.005,Risky_Product
JINGLE BELL HEART DECORATION,244,9,0.037,0.032,0.005,Risky_Product
PINK HANGING HEART T-LIGHT HOLDER,81,3,0.037,0.032,0.005,Risky_Product
PAINT YOUR OWN CANVAS SET,82,3,0.037,0.032,0.005,Risky_Product
PARTY CHARMS 50 PIECES,54,2,0.037,0.032,0.005,Risky_Product
KITCHEN METAL SIGN,54,2,0.037,0.032,0.005,Risky_Product
LUNCH BAG ALPHABET DESIGN,190,7,0.037,0.032,0.005,Risky_Product
LUNCH BOX I LOVE LONDON,108,4,0.037,0.032,0.005,Risky_Product
SET/20 RED RETROSPOT PAPER NAPKINS,163,6,0.037,0.032,0.005,Risky_Product
SET OF TEA COFFEE SUGAR TINS PANTRY,136,5,0.037,0.032,0.005,Risky_Product
RIBBON REEL LACE DESIGN,54,2,0.037,0.032,0.005,Risky_Product
ROTATING SILVER ANGELS T-LIGHT HLDR,244,9,0.037,0.032,0.005,Risky_Product
VICTORIAN METAL POSTCARD SPRING,54,2,0.037,0.032,0.005,Risky_Product
WOODEN ADVENT CALENDAR RED,109,4,0.037,0.032,0.005,Risky_Product
YOU'RE CONFUSING ME METAL SIGN,136,5,0.037,0.032,0.005,Risky_Product
ZINC BOX SIGN HOME,56,2,0.036,0.032,0.004,Risky_Product
WRAP VINTAGE LEAF DESIGN,83,3,0.036,0.032,0.004,Risky_Product
WHITE WICKER STAR,225,8,0.036,0.032,0.004,Risky_Product
VINTAGE CHRISTMAS STOCKING,253,9,0.036,0.032,0.004,Risky_Product
VINTAGE HEADS AND TAILS CARD GAME,249,9,0.036,0.032,0.004,Risky_Product
VINTAGE CHRISTMAS CAKE FRILL,83,3,0.036,0.032,0.004,Risky_Product
TOXIC AREA DOOR HANGER,83,3,0.036,0.032,0.004,Risky_Product
T-LIGHT HOLDER HANGING LOVE BIRD,138,5,0.036,0.032,0.004,Risky_Product
SMALL MARSHMALLOWS PINK BOWL,110,4,0.036,0.032,0.004,Risky_Product
SPACEBOY CHILDRENS BOWL,84,3,0.036,0.032,0.004,Risky_Product
ROUND CAKE TIN VINTAGE RED,83,3,0.036,0.032,0.004,Risky_Product
ROLL WRAP 50'S RED CHRISTMAS,166,6,0.036,0.032,0.004,Risky_Product
RED KITCHEN SCALES,139,5,0.036,0.032,0.004,Risky_Product
SKULL DESIGN TV DINNER TRAY,55,2,0.036,0.032,0.004,Risky_Product
SET OF 3 CAKE TINS PANTRY DESIGN,281,10,0.036,0.032,0.004,Risky_Product
KNITTED UNION FLAG HOT WATER BOTTLE,168,6,0.036,0.032,0.004,Risky_Product
LAVENDER TOILETTE BOTTLE,56,2,0.036,0.032,0.004,Risky_Product
LE JARDIN BOTANIQUE CUSHION COVER,111,4,0.036,0.032,0.004,Risky_Product
PARISIENNE CURIO CABINET,56,2,0.036,0.032,0.004,Risky_Product
HOMEMADE JAM SCENTED CANDLES,83,3,0.036,0.032,0.004,Risky_Product
HOT WATER BOTTLE TEA AND SYMPATHY,359,13,0.036,0.032,0.004,Risky_Product
FUNKY WASHING UP GLOVES ASSORTED,56,2,0.036,0.032,0.004,Risky_Product
CHILDRENS CUTLERY RETROSPOT RED,83,3,0.036,0.032,0.004,Risky_Product
CHRISTMAS METAL POSTCARD WITH BELLS,55,2,0.036,0.032,0.004,Risky_Product
60 CAKE CASES VINTAGE CHRISTMAS,334,12,0.036,0.032,0.004,Risky_Product
3 TRADITIONAl BISCUIT CUTTERS SET,56,2,0.036,0.032,0.004,Risky_Product
BAKING SET 9 PIECE RETROSPOT,389,14,0.036,0.032,0.004,Risky_Product
BOHEMIAN COLLAGE STATIONERY SET,56,2,0.036,0.032,0.004,Risky_Product
ASSORTED COLOUR BIRD ORNAMENT,430,15,0.035,0.032,0.003,Risky_Product
CHRISTMAS HANGING STAR WITH BELL,173,6,0.035,0.032,0.003,Risky_Product
BOX OF 6 MINI VINTAGE CRACKERS,287,10,0.035,0.032,0.003,Risky_Product
FOOT STOOL HOME SWEET HOME,113,4,0.035,0.032,0.003,Risky_Product
FEATHER PEN;HOT PINK,85,3,0.035,0.032,0.003,Risky_Product
DOUGHNUT LIP GLOSS,141,5,0.035,0.032,0.003,Risky_Product
GREEN CHRISTMAS TREE CARD HOLDER,142,5,0.035,0.032,0.003,Risky_Product
HAND WARMER RED RETROSPOT,260,9,0.035,0.032,0.003,Risky_Product
LARGE HEART MEASURING SPOONS,85,3,0.035,0.032,0.003,Risky_Product
JUMBO BAG 50'S CHRISTMAS,454,16,0.035,0.032,0.003,Risky_Product
SET/6 RED SPOTTY PAPER CUPS,57,2,0.035,0.032,0.003,Risky_Product
SET OF 4 PANTRY JELLY MOULDS,230,8,0.035,0.032,0.003,Risky_Product
RED RETROSPOT UMBRELLA,86,3,0.035,0.032,0.003,Risky_Product
REGENCY SUGAR BOWL GREEN,57,2,0.035,0.032,0.003,Risky_Product
TRADITIONAL WOODEN CATCH CUP GAME,142,5,0.035,0.032,0.003,Risky_Product
TRAVEL CARD WALLET SKULLS,57,2,0.035,0.032,0.003,Risky_Product
TRIPLE PHOTO FRAME CORNICE,57,2,0.035,0.032,0.003,Risky_Product
WOODEN BOX OF DOMINOES,256,9,0.035,0.032,0.003,Risky_Product
WOOD STAMP SET THANK YOU,141,5,0.035,0.032,0.003,Risky_Product
WOOD STAMP SET FLOWERS,88,3,0.034,0.032,0.002,Risky_Product
TREASURE ISLAND BOOK BOX,87,3,0.034,0.032,0.002,Risky_Product
SMALL PURPLE BABUSHKA NOTEBOOK,87,3,0.034,0.032,0.002,Risky_Product
ROTATING LEAVES T-LIGHT HOLDER,87,3,0.034,0.032,0.002,Risky_Product
REX CASH+CARRY JUMBO SHOPPER,387,13,0.034,0.032,0.002,Risky_Product
RED DINER WALL CLOCK,88,3,0.034,0.032,0.002,Risky_Product
PLASTERS IN TIN SKULLS,176,6,0.034,0.032,0.002,Risky_Product
SET 7 BABUSHKA NESTING BOXES,89,3,0.034,0.032,0.002,Risky_Product
METAL SIGN TAKE IT OR LEAVE IT,87,3,0.034,0.032,0.002,Risky_Product
MISTLETOE HEART WREATH GREEN,118,4,0.034,0.032,0.002,Risky_Product
PHOTO FRAME 3 CLASSIC HANGING,59,2,0.034,0.032,0.002,Risky_Product
PACK OF 60 MUSHROOM CAKE CASES,88,3,0.034,0.032,0.002,Risky_Product
PACK OF 12 HEARTS DESIGN TISSUES,87,3,0.034,0.032,0.002,Risky_Product
PACK OF 12 LONDON TISSUES,119,4,0.034,0.032,0.002,Risky_Product
GARAGE KEY FOB,58,2,0.034,0.032,0.002,Risky_Product
BREAD BIN DINER STYLE IVORY,119,4,0.034,0.032,0.002,Risky_Product
CHILDRENS CUTLERY SPACEBOY,118,4,0.034,0.032,0.002,Risky_Product
CHILDREN'S APRON DOLLY GIRL,119,4,0.034,0.032,0.002,Risky_Product
CHILDRENS APRON SPACEBOY DESIGN,206,7,0.034,0.032,0.002,Risky_Product
ASSORTED COLOURS SILK FAN,59,2,0.034,0.032,0.002,Risky_Product
BALLOONS WRITING SET,118,4,0.034,0.032,0.002,Risky_Product
BLUE CHARLIE+LOLA PERSONAL DOORSIGN,59,2,0.034,0.032,0.002,Risky_Product
15CM CHRISTMAS GLASS BALL 20 LIGHTS,176,6,0.034,0.032,0.002,Risky_Product
AGED GLASS SILVER T-LIGHT HOLDER,116,4,0.034,0.032,0.002,Risky_Product
3 HEARTS HANGING DECORATION RUSTIC,182,6,0.033,0.032,0.001,Risky_Product
BISCUIT TIN VINTAGE CHRISTMAS,183,6,0.033,0.032,0.001,Risky_Product
BOX OF 6 CHRISTMAS CAKE DECORATIONS,213,7,0.033,0.032,0.001,Risky_Product
BOX OF 6 MINI 50'S CRACKERS,329,11,0.033,0.032,0.001,Risky_Product
ASSORTED TUTTI FRUTTI PEN,61,2,0.033,0.032,0.001,Risky_Product
CHRISTMAS STAR WISH LIST CHALKBOARD,214,7,0.033,0.032,0.001,Risky_Product
CHRISTMAS RETROSPOT STAR WOOD,123,4,0.033,0.032,0.001,Risky_Product
COLUMBIAN CANDLE ROUND,30,1,0.033,0.032,0.001,Risky_Product
HAND WARMER UNION JACK,329,11,0.033,0.032,0.001,Risky_Product
HOME SWEET HOME METAL SIGN,61,2,0.033,0.032,0.001,Risky_Product
EGG CUP NATURAL CHICKEN,30,1,0.033,0.032,0.001,Risky_Product
DINOSAUR LUNCH BOX WITH CUTLERY,30,1,0.033,0.032,0.001,Risky_Product
DOORMAT KEEP CALM AND COME IN,303,10,0.033,0.032,0.001,Risky_Product
FAIRY CAKES NOTEBOOK A7 SIZE,30,1,0.033,0.032,0.001,Risky_Product
FRENCH PAISLEY CUSHION COVER,30,1,0.033,0.032,0.001,Risky_Product
PACK OF 12 SUKI TISSUES,92,3,0.033,0.032,0.001,Risky_Product
PACK OF 60 SPACEBOY CAKE CASES,121,4,0.033,0.032,0.001,Risky_Product
PANTRY MAGNETIC SHOPPING LIST,211,7,0.033,0.032,0.001,Risky_Product
MIRRORED DISCO BALL,60,2,0.033,0.032,0.001,Risky_Product
MEMO BOARD COTTAGE DESIGN,92,3,0.033,0.032,0.001,Risky_Product
LUNCH BAG SUKI DESIGN,240,8,0.033,0.032,0.001,Risky_Product
MAGIC DRAWING SLATE DOLLY GIRL,92,3,0.033,0.032,0.001,Risky_Product
LAVENDER SCENTED FABRIC HEART,30,1,0.033,0.032,0.001,Risky_Product
SET OF 20 VINTAGE CHRISTMAS NAPKINS,365,12,0.033,0.032,0.001,Risky_Product
SET OF 6 3D KIT CARDS FOR KIDS,90,3,0.033,0.032,0.001,Risky_Product
SET OF 72 RETROSPOT PAPER DOILIES,121,4,0.033,0.032,0.001,Risky_Product
PIZZA PLATE IN BOX,30,1,0.033,0.032,0.001,Risky_Product
RIBBON REEL SOCKS AND MITTENS,60,2,0.033,0.032,0.001,Risky_Product
SKULLS WRITING SET,91,3,0.033,0.032,0.001,Risky_Product
SMALL CHOCOLATES PINK BOWL,60,2,0.033,0.032,0.001,Risky_Product
SWEETHEART WIRE MAGAZINE RACK,30,1,0.033,0.032,0.001,Risky_Product
WOODEN CROQUET GARDEN SET,60,2,0.033,0.032,0.001,Risky_Product
WALL ART VINTAGE HEART,30,1,0.033,0.032,0.001,Risky_Product
WHITE METAL LANTERN,30,1,0.033,0.032,0.001,Risky_Product
WHITE HANGING HEART T-LIGHT HOLDER,456,15,0.033,0.032,0.001,Risky_Product
WALL ART ANIMALS AND NATURE,30,1,0.033,0.032,0.001,Risky_Product
VINTAGE DOILY TRAVEL SEWING KIT,371,12,0.032,0.032,0,Neutral
WRAP GINGHAM ROSE,31,1,0.032,0.032,0,Neutral
WOODEN UNION JACK BUNTING,31,1,0.032,0.032,0,Neutral
ZINC WILLIE WINKIE CANDLE STICK,95,3,0.032,0.032,0,Neutral
TRADITIONAL KNITTING NANCY,250,8,0.032,0.032,0,Neutral
TOTE BAG I LOVE LONDON,31,1,0.032,0.032,0,Neutral
TV DINNER TRAY AIR HOSTESS,31,1,0.032,0.032,0,Neutral
ROUND SNACK BOXES SET OF 4 FRUITS,126,4,0.032,0.032,0,Neutral
PLASTERS IN TIN WOODLAND ANIMALS,219,7,0.032,0.032,0,Neutral
RECIPE BOX RETROSPOT,157,5,0.032,0.032,0,Neutral
SET/3 DECOUPAGE STACKING TINS,31,1,0.032,0.032,0,Neutral
SET 12 KIDS COLOUR CHALK STICKS,125,4,0.032,0.032,0,Neutral
LUNCH BAG APPLE DESIGN,218,7,0.032,0.032,0,Neutral
LUNCH BAG DOLLY GIRL DESIGN,158,5,0.032,0.032,0,Neutral
PINK HEART SHAPE LOVE BUCKET,31,1,0.032,0.032,0,Neutral
PACK OF 72 RETROSPOT CAKE CASES,248,8,0.032,0.032,0,Neutral
FULL ENGLISH BREAKFAST PLATE,93,3,0.032,0.032,0,Neutral
FOLDING UMBRELLA BLACKBLUE POLKADOT,31,1,0.032,0.032,0,Neutral
FOLKART STAR CHRISTMAS DECORATIONS,94,3,0.032,0.032,0,Neutral
FELTCRAFT GIRL AMELIE KIT,126,4,0.032,0.032,0,Neutral
DOLLY GIRL LUNCH BOX,154,5,0.032,0.032,0,Neutral
DOLLY GIRL MINI BACKPACK,94,3,0.032,0.032,0,Neutral
ICE CREAM SUNDAE LIP GLOSS,94,3,0.032,0.032,0,Neutral
GLASS BON BON JAR,63,2,0.032,0.032,0,Neutral
GLASS JAR DIGESTIVE BISCUITS,31,1,0.032,0.032,0,Neutral
CIRCUS PARADE CHILDRENS EGG CUP,31,1,0.032,0.032,0,Neutral
3D VINTAGE CHRISTMAS STICKERS,93,3,0.032,0.032,0,Neutral
6 RIBBONS EMPIRE,62,2,0.032,0.032,0,Neutral
ADVENT CALENDAR GINGHAM SACK,130,4,0.031,0.032,-0.001,Hero_Product
BEWARE OF THE CAT METAL SIGN,98,3,0.031,0.032,-0.001,Hero_Product
BINGO SET,131,4,0.031,0.032,-0.001,Hero_Product
DAIRY MAID LARGE MILK JUG,32,1,0.031,0.032,-0.001,Hero_Product
CHILDRENS CUTLERY POLKADOT GREEN,64,2,0.031,0.032,-0.001,Hero_Product
CHARLOTTE BAG PINK POLKADOT,128,4,0.031,0.032,-0.001,Hero_Product
HAND WARMER BIRD DESIGN,353,11,0.031,0.032,-0.001,Hero_Product
GREEN VINTAGE SPOT BEAKER,32,1,0.031,0.032,-0.001,Hero_Product
HOME SWEET HOME CUSHION COVER,130,4,0.031,0.032,-0.001,Hero_Product
PINK REGENCY TEACUP AND SAUCER,130,4,0.031,0.032,-0.001,Hero_Product
PINK POLKADOT BOWL,65,2,0.031,0.032,-0.001,Hero_Product
PINK DOG BOWL,32,1,0.031,0.032,-0.001,Hero_Product
PARLOUR CERAMIC WALL HOOK,32,1,0.031,0.032,-0.001,Hero_Product
MISTLETOE HEART WREATH CREAM,64,2,0.031,0.032,-0.001,Hero_Product
LANDMARK FRAME CAMDEN TOWN,97,3,0.031,0.032,-0.001,Hero_Product
JUMBO BAG RED RETROSPOT,415,13,0.031,0.032,-0.001,Hero_Product
SET OF 20 KIDS COOKIE CUTTERS,161,5,0.031,0.032,-0.001,Hero_Product
SET OF 12 MINI LOAF BAKING CASES,194,6,0.031,0.032,-0.001,Hero_Product
SET OF SALT AND PEPPER TOADSTOOLS,32,1,0.031,0.032,-0.001,Hero_Product
SEWING SUSAN 21 NEEDLE SET,32,1,0.031,0.032,-0.001,Hero_Product
SET OF 60 VINTAGE LEAF CAKE CASES,129,4,0.031,0.032,-0.001,Hero_Product
SET OF 6 SOLDIER SKITTLES,160,5,0.031,0.032,-0.001,Hero_Product
POPCORN HOLDER,381,12,0.031,0.032,-0.001,Hero_Product
RIBBON REEL SNOWY VILLAGE,127,4,0.031,0.032,-0.001,Hero_Product
RED RETROSPOT TISSUE BOX,97,3,0.031,0.032,-0.001,Hero_Product
TRADTIONAL ALPHABET STAMP SET,261,8,0.031,0.032,-0.001,Hero_Product
TRIPLE HOOK ANTIQUE IVORY ROSE,65,2,0.031,0.032,-0.001,Hero_Product
SUKI SHOULDER BAG,64,2,0.031,0.032,-0.001,Hero_Product
VINTAGE DONKEY TAIL GAME,130,4,0.031,0.032,-0.001,Hero_Product
VINTAGE UNION JACK DOORSTOP,32,1,0.031,0.032,-0.001,Hero_Product
WOODLAND BUNNIES LOLLY MAKERS,67,2,0.03,0.032,-0.002,Hero_Product
WRAP VINTAGE DOILY,66,2,0.03,0.032,-0.002,Hero_Product
TEA PARTY BIRTHDAY CARD,66,2,0.03,0.032,-0.002,Hero_Product
POCKET BAG BLUE PAISLEY RED SPOT,33,1,0.03,0.032,-0.002,Hero_Product
RATTLE SNAKE EGGS,66,2,0.03,0.032,-0.002,Hero_Product
RED RETROSPOT CUP,66,2,0.03,0.032,-0.002,Hero_Product
SET OF 6 TEA TIME BAKING CASES,168,5,0.03,0.032,-0.002,Hero_Product
SET/5 RED RETROSPOT LID GLASS BOWLS,237,7,0.03,0.032,-0.002,Hero_Product
SET OF 3 HANGING OWLS OLLIE BEAK,230,7,0.03,0.032,-0.002,Hero_Product
S/4 CACTI CANDLES,33,1,0.03,0.032,-0.002,Hero_Product
SET OF 12 FAIRY CAKE BAKING CASES,237,7,0.03,0.032,-0.002,Hero_Product
MEASURING TAPE BABUSHKA PINK,33,1,0.03,0.032,-0.002,Hero_Product
LUNCH BAG BLACK SKULL.,268,8,0.03,0.032,-0.002,Hero_Product
MAGIC DRAWING SLATE PURDEY,67,2,0.03,0.032,-0.002,Hero_Product
MAGNETS PACK OF 4 SWALLOWS,101,3,0.03,0.032,-0.002,Hero_Product
PINK HAPPY BIRTHDAY BUNTING,67,2,0.03,0.032,-0.002,Hero_Product
HOME SWEET HOME 3 PEG HANGER,33,1,0.03,0.032,-0.002,Hero_Product
HOT WATER BOTTLE KEEP CALM,533,16,0.03,0.032,-0.002,Hero_Product
HANGING METAL HEART LANTERN,99,3,0.03,0.032,-0.002,Hero_Product
GIN & TONIC DIET GREETING CARD,33,1,0.03,0.032,-0.002,Hero_Product
DECORATIVE WICKER HEART LARGE,167,5,0.03,0.032,-0.002,Hero_Product
DOLLY CABINET 2 DRAWERS,33,1,0.03,0.032,-0.002,Hero_Product
DOORSTOP FOOTBALL DESIGN,33,1,0.03,0.032,-0.002,Hero_Product
BOX OF VINTAGE JIGSAW BLOCKS,100,3,0.03,0.032,-0.002,Hero_Product
CHILDRENS CUTLERY POLKADOT PINK,135,4,0.03,0.032,-0.002,Hero_Product
CREAM SWEETHEART MINI CHEST,133,4,0.03,0.032,-0.002,Hero_Product
BLACK RECORD COVER FRAME,134,4,0.03,0.032,-0.002,Hero_Product
4 TRADITIONAL SPINNING TOPS,164,5,0.03,0.032,-0.002,Hero_Product
ANTIQUE SILVER T-LIGHT GLASS,311,9,0.029,0.032,-0.003,Hero_Product
ALARM CLOCK BAKELIKE IVORY,171,5,0.029,0.032,-0.003,Hero_Product
CHRISTMAS TREE STAR DECORATION,34,1,0.029,0.032,-0.003,Hero_Product
CARD DOLLY GIRL,68,2,0.029,0.032,-0.003,Hero_Product
CARD BIRTHDAY COWBOY,35,1,0.029,0.032,-0.003,Hero_Product
EDWARDIAN PARASOL NATURAL,68,2,0.029,0.032,-0.003,Hero_Product
EMBOSSED GLASS TEALIGHT HOLDER,70,2,0.029,0.032,-0.003,Hero_Product
EMBROIDERED RIBBON REEL SOPHIE,34,1,0.029,0.032,-0.003,Hero_Product
DOG TOY WITH PINK CROCHET SKIRT,34,1,0.029,0.032,-0.003,Hero_Product
FELTCRAFT CHRISTMAS FAIRY,205,6,0.029,0.032,-0.003,Hero_Product
GLASS JAR PEACOCK BATH SALTS,34,1,0.029,0.032,-0.003,Hero_Product
JIGSAW TREE WITH BIRDHOUSE,34,1,0.029,0.032,-0.003,Hero_Product
JAM MAKING SET PRINTED,171,5,0.029,0.032,-0.003,Hero_Product
HEART STRING MEMO HOLDER HANGING,35,1,0.029,0.032,-0.003,Hero_Product
PINK BLUE FELT CRAFT TRINKET BOX,173,5,0.029,0.032,-0.003,Hero_Product
PINK CREAM FELT CRAFT TRINKET BOX,207,6,0.029,0.032,-0.003,Hero_Product
PACK OF SIX LED TEA LIGHTS,171,5,0.029,0.032,-0.003,Hero_Product
MAGIC DRAWING SLATE GO TO THE FAIR,34,1,0.029,0.032,-0.003,Hero_Product
Manual,105,3,0.029,0.032,-0.003,Hero_Product
MIRRORED WALL ART SNOWFLAKES,35,1,0.029,0.032,-0.003,Hero_Product
MINI PLAYING CARDS SPACEBOY,138,4,0.029,0.032,-0.003,Hero_Product
JUMBO BAG VINTAGE LEAF,274,8,0.029,0.032,-0.003,Hero_Product
LARGE PURPLE BABUSHKA NOTEBOOK,68,2,0.029,0.032,-0.003,Hero_Product
SET OF 36 TEATIME PAPER DOILIES,69,2,0.029,0.032,-0.003,Hero_Product
SET OF 2 WOODEN MARKET CRATES,35,1,0.029,0.032,-0.003,Hero_Product
SILVER HANGING T-LIGHT HOLDER,104,3,0.029,0.032,-0.003,Hero_Product
SET/10 RED POLKADOT PARTY CANDLES,103,3,0.029,0.032,-0.003,Hero_Product
SET OF 60 PANTRY DESIGN CAKE CASES,208,6,0.029,0.032,-0.003,Hero_Product
QUEENS GUARD COFFEE MUG,70,2,0.029,0.032,-0.003,Hero_Product
TOY TIDY PINK POLKADOT,69,2,0.029,0.032,-0.003,Hero_Product
TRADITIONAL CHRISTMAS RIBBONS,174,5,0.029,0.032,-0.003,Hero_Product
VINTAGE BELLS GARLAND,206,6,0.029,0.032,-0.003,Hero_Product
TRAVEL SEWING KIT,34,1,0.029,0.032,-0.003,Hero_Product
SQUARE MINI PORTRAIT FRAME,68,2,0.029,0.032,-0.003,Hero_Product
SMALL CERAMIC TOP STORAGE JAR,68,2,0.029,0.032,-0.003,Hero_Product
WRAP DOLLY GIRL,35,1,0.029,0.032,-0.003,Hero_Product
WALL ART BUFFALO BILL,35,1,0.029,0.032,-0.003,Hero_Product
VINTAGE DOILY DELUXE SEWING KIT,205,6,0.029,0.032,-0.003,Hero_Product
VINTAGE CREAM CAT FOOD CONTAINER,69,2,0.029,0.032,-0.003,Hero_Product
WALL ART BIG LOVE,106,3,0.028,0.032,-0.004,Hero_Product
SKULLS PARTY BAG + STICKER SET,36,1,0.028,0.032,-0.004,Hero_Product
SMALL HANGING IVORY/RED WOOD BIRD,109,3,0.028,0.032,-0.004,Hero_Product
SPACEBOY TV DINNER TRAY,36,1,0.028,0.032,-0.004,Hero_Product
SWEET HEART CAKE CARRIER,72,2,0.028,0.032,-0.004,Hero_Product
TREE T-LIGHT HOLDER WILLIE WINKIE,36,1,0.028,0.032,-0.004,Hero_Product
TEA COSY RED STRIPE,36,1,0.028,0.032,-0.004,Hero_Product
PLASTERS IN TIN STRONGMAN,178,5,0.028,0.032,-0.004,Hero_Product
RETROSPOT CHILDRENS APRON,108,3,0.028,0.032,-0.004,Hero_Product
RIBBON REEL HEARTS DESIGN,72,2,0.028,0.032,-0.004,Hero_Product
RETROSPOT WOODEN HEART DECORATION,107,3,0.028,0.032,-0.004,Hero_Product
ROLL WRAP VINTAGE CHRISTMAS,248,7,0.028,0.032,-0.004,Hero_Product
SET/10 IVORY POLKADOT PARTY CANDLES,36,1,0.028,0.032,-0.004,Hero_Product
SILVER BELLS TABLE DECORATION,181,5,0.028,0.032,-0.004,Hero_Product
SCOTTIE DOG HOT WATER BOTTLE,363,10,0.028,0.032,-0.004,Hero_Product
LAUNDRY 15C METAL SIGN,71,2,0.028,0.032,-0.004,Hero_Product
MINT DINER WALL CLOCK,72,2,0.028,0.032,-0.004,Hero_Product
MAGIC DRAWING SLATE SPACEBOY,107,3,0.028,0.032,-0.004,Hero_Product
MAGNETS PACK OF 4 VINTAGE LABELS,36,1,0.028,0.032,-0.004,Hero_Product
ORIGAMI SANDLEWOOD INCENSE/CAND SET,36,1,0.028,0.032,-0.004,Hero_Product
FELTCRAFT HAIRBAND PINK AND PURPLE,72,2,0.028,0.032,-0.004,Hero_Product
DOG BOWL CHASING BALL DESIGN,36,1,0.028,0.032,-0.004,Hero_Product
DOORMAT HOME SWEET HOME BLUE,71,2,0.028,0.032,-0.004,Hero_Product
EDWARDIAN PARASOL PINK,36,1,0.028,0.032,-0.004,Hero_Product
CERAMIC CAKE DESIGN SPOTTED MUG,36,1,0.028,0.032,-0.004,Hero_Product
DARK BIRD HOUSE TREE DECORATION,72,2,0.028,0.032,-0.004,Hero_Product
BLACK KITCHEN SCALES,36,1,0.028,0.032,-0.004,Hero_Product
BLACK/BLUE POLKADOT UMBRELLA,72,2,0.028,0.032,-0.004,Hero_Product
6 RIBBONS ELEGANT CHRISTMAS,108,3,0.028,0.032,-0.004,Hero_Product
60 TEATIME FAIRY CAKE CASES,176,5,0.028,0.032,-0.004,Hero_Product
3D TRADITIONAL CHRISTMAS STICKERS,109,3,0.028,0.032,-0.004,Hero_Product
4 LAVENDER BOTANICAL DINNER CANDLES,113,3,0.027,0.032,-0.005,Hero_Product
COSY HOUR CIGAR BOX MATCHES,111,3,0.027,0.032,-0.005,Hero_Product
COLOUR GLASS T-LIGHT HOLDER HANGING,74,2,0.027,0.032,-0.005,Hero_Product
COCKTAIL SWORDS 50 PIECES,37,1,0.027,0.032,-0.005,Hero_Product
CHARLIE+LOLA PINK HOT WATER BOTTLE,74,2,0.027,0.032,-0.005,Hero_Product
CHARLIE+LOLA RED HOT WATER BOTTLE,37,1,0.027,0.032,-0.005,Hero_Product
BUNDLE OF 3 ALPHABET EXERCISE BOOKS,146,4,0.027,0.032,-0.005,Hero_Product
ELEPHANT BIRTHDAY CARD,75,2,0.027,0.032,-0.005,Hero_Product
DOORMAT RESPECTABLE HOUSE,37,1,0.027,0.032,-0.005,Hero_Product
DOORMAT ENGLISH ROSE,75,2,0.027,0.032,-0.005,Hero_Product
FAIRY TALE COTTAGE NIGHT LIGHT,73,2,0.027,0.032,-0.005,Hero_Product
FRENCH BLUE METAL DOOR SIGN 1,37,1,0.027,0.032,-0.005,Hero_Product
PACK OF 12 COLOURED PENCILS,73,2,0.027,0.032,-0.005,Hero_Product
PICNIC BOXES SET OF 3 RETROSPOT,37,1,0.027,0.032,-0.005,Hero_Product
PANTRY APPLE CORER,37,1,0.027,0.032,-0.005,Hero_Product
MAGIC DRAWING SLATE DINOSAUR,73,2,0.027,0.032,-0.005,Hero_Product
LUNCH BAG PAISLEY PARK,414,11,0.027,0.032,-0.005,Hero_Product
MINI LIGHTS WOODLAND MUSHROOMS,263,7,0.027,0.032,-0.005,Hero_Product
LARGE CIRCULAR MIRROR MOBILE,37,1,0.027,0.032,-0.005,Hero_Product
JUMBO SHOPPER VINTAGE RED PAISLEY,222,6,0.027,0.032,-0.005,Hero_Product
JUMBO STORAGE BAG SKULLS,149,4,0.027,0.032,-0.005,Hero_Product
JUMBO BAG SCANDINAVIAN BLUE PAISLEY,147,4,0.027,0.032,-0.005,Hero_Product
JUMBO BAG STRAWBERRY,148,4,0.027,0.032,-0.005,Hero_Product
S/6 WOODEN SKITTLES IN COTTON BAG,75,2,0.027,0.032,-0.005,Hero_Product
SET OF 36 PAISLEY FLOWER DOILIES,73,2,0.027,0.032,-0.005,Hero_Product
SET OF 3 CAKE TINS SKETCHBOOK,73,2,0.027,0.032,-0.005,Hero_Product
SET OF 9 HEART SHAPED BALLOONS,73,2,0.027,0.032,-0.005,Hero_Product
RETROSPOT CANDLE MEDIUM,37,1,0.027,0.032,-0.005,Hero_Product
RED TOADSTOOL LED NIGHT LIGHT,220,6,0.027,0.032,-0.005,Hero_Product
RABBIT NIGHT LIGHT,710,19,0.027,0.032,-0.005,Hero_Product
SWEETHEART WALL TIDY,74,2,0.027,0.032,-0.005,Hero_Product
SWALLOW SQUARE TISSUE BOX,73,2,0.027,0.032,-0.005,Hero_Product
VINTAGE UNION JACK APRON,37,1,0.027,0.032,-0.005,Hero_Product
VINTAGE UNION JACK BUNTING,111,3,0.027,0.032,-0.005,Hero_Product
VINTAGE CHRISTMAS GIFT SACK,156,4,0.026,0.032,-0.006,Hero_Product
WHITE JEWELLED HEART DECORATION,39,1,0.026,0.032,-0.006,Hero_Product
STAR T-LIGHT HOLDER WILLIE WINKIE,76,2,0.026,0.032,-0.006,Hero_Product
SMALL GLASS HEART TRINKET POT,114,3,0.026,0.032,-0.006,Hero_Product
TOILET METAL SIGN,76,2,0.026,0.032,-0.006,Hero_Product
REGENCY CAKESTAND 3 TIER,381,10,0.026,0.032,-0.006,Hero_Product
SET OF 60 I LOVE LONDON CAKE CASES,155,4,0.026,0.032,-0.006,Hero_Product
SET OF 2 ROUND TINS CAMEMBERT,39,1,0.026,0.032,-0.006,Hero_Product
JUMBO BAG ALPHABET,235,6,0.026,0.032,-0.006,Hero_Product
METAL DECORATION NAUGHTY CHILDREN,38,1,0.026,0.032,-0.006,Hero_Product
PANTRY CHOPPING BOARD,38,1,0.026,0.032,-0.006,Hero_Product
PINK POLKADOT PLATE,38,1,0.026,0.032,-0.006,Hero_Product
PACK OF 6 SKULL PAPER PLATES,38,1,0.026,0.032,-0.006,Hero_Product
OWL DOORSTOP,39,1,0.026,0.032,-0.006,Hero_Product
OPEN CLOSED METAL SIGN,114,3,0.026,0.032,-0.006,Hero_Product
FRENCH BATHROOM SIGN BLUE METAL,39,1,0.026,0.032,-0.006,Hero_Product
DOORMAT MERRY CHRISTMAS RED,39,1,0.026,0.032,-0.006,Hero_Product
DECORATIVE WICKER HEART SMALL,78,2,0.026,0.032,-0.006,Hero_Product
EGG CUP HENRIETTA HEN CREAM,39,1,0.026,0.032,-0.006,Hero_Product
JINGLE BELL HEART ANTIQUE SILVER,192,5,0.026,0.032,-0.006,Hero_Product
CARD HOLDER LOVE BIRD SMALL,78,2,0.026,0.032,-0.006,Hero_Product
CHOCOLATE HOT WATER BOTTLE,380,10,0.026,0.032,-0.006,Hero_Product
CHRISTMAS RETROSPOT TREE WOOD,115,3,0.026,0.032,-0.006,Hero_Product
6 RIBBONS RUSTIC CHARM,194,5,0.026,0.032,-0.006,Hero_Product
200 RED + WHITE BENDY STRAWS,39,1,0.026,0.032,-0.006,Hero_Product
BAG 250g SWIRLY MARBLES,114,3,0.026,0.032,-0.006,Hero_Product
ASS FLORAL PRINT MULTI SCREWDRIVER,80,2,0.025,0.032,-0.007,Hero_Product
BLUE VINTAGE SPOT BEAKER,40,1,0.025,0.032,-0.007,Hero_Product
BLUE POLKADOT CUP,40,1,0.025,0.032,-0.007,Hero_Product
BLUE HARMONICA IN BOX,283,7,0.025,0.032,-0.007,Hero_Product
36 FOIL STAR CAKE CASES,40,1,0.025,0.032,-0.007,Hero_Product
72 SWEETHEART FAIRY CAKE CASES,159,4,0.025,0.032,-0.007,Hero_Product
ALARM CLOCK BAKELIKE RED,314,8,0.025,0.032,-0.007,Hero_Product
CHRISTMAS LIGHTS 10 REINDEER,204,5,0.025,0.032,-0.007,Hero_Product
FRENCH ENAMEL CANDLEHOLDER,80,2,0.025,0.032,-0.007,Hero_Product
PACK OF 12 50'S CHRISTMAS TISSUES,157,4,0.025,0.032,-0.007,Hero_Product
PEARLISED IVORY HEART SMALL,40,1,0.025,0.032,-0.007,Hero_Product
LUNCH BAG RED RETROSPOT,282,7,0.025,0.032,-0.007,Hero_Product
LUNCH BAG VINTAGE DOILY,315,8,0.025,0.032,-0.007,Hero_Product
KITTY PENCIL ERASERS,40,1,0.025,0.032,-0.007,Hero_Product
LARGE ANTIQUE WHITE PHOTO FRAME,40,1,0.025,0.032,-0.007,Hero_Product
LANDMARK FRAME COVENT GARDEN,81,2,0.025,0.032,-0.007,Hero_Product
LANDMARK FRAME LONDON BRIDGE,80,2,0.025,0.032,-0.007,Hero_Product
LARGE WHITE HEART OF WICKER,279,7,0.025,0.032,-0.007,Hero_Product
SET 36 COLOURING PENCILS DOILY,118,3,0.025,0.032,-0.007,Hero_Product
SET OF 6 RIBBONS VINTAGE CHRISTMAS,275,7,0.025,0.032,-0.007,Hero_Product
RED WOOLLY HOTTIE WHITE HEART.,199,5,0.025,0.032,-0.007,Hero_Product
TRADITIONAL PICK UP STICKS GAME,359,9,0.025,0.032,-0.007,Hero_Product
STAR DECORATION PAINTED ZINC,119,3,0.025,0.032,-0.007,Hero_Product
WALL ART ONLY ONE PERSON,79,2,0.025,0.032,-0.007,Hero_Product
WASHROOM METAL SIGN,83,2,0.024,0.032,-0.008,Hero_Product
WRAP PINK FAIRY CAKES,41,1,0.024,0.032,-0.008,Hero_Product
WOODEN HAPPY BIRTHDAY GARLAND,41,1,0.024,0.032,-0.008,Hero_Product
SPACEBOY CHILDRENS EGG CUP,41,1,0.024,0.032,-0.008,Hero_Product
TRADITIONAL WOODEN SKIPPING ROPE,166,4,0.024,0.032,-0.008,Hero_Product
VINTAGE CHRISTMAS BUNTING,292,7,0.024,0.032,-0.008,Hero_Product
VANILLA INCENSE IN TIN,42,1,0.024,0.032,-0.008,Hero_Product
ROCOCO WALL MIRROR WHITE,82,2,0.024,0.032,-0.008,Hero_Product
PLAYING CARDS KEEP CALM & CARRY ON,286,7,0.024,0.032,-0.008,Hero_Product
RED GINGHAM ROSE JEWELLERY BOX,125,3,0.024,0.032,-0.008,Hero_Product
SET OF 5 MINI GROCERY MAGNETS,83,2,0.024,0.032,-0.008,Hero_Product
SET OF 3 HEART COOKIE CUTTERS,167,4,0.024,0.032,-0.008,Hero_Product
LIPSTICK PEN RED,83,2,0.024,0.032,-0.008,Hero_Product
PICTURE DOMINOES,126,3,0.024,0.032,-0.008,Hero_Product
NATURAL SLATE HEART CHALKBOARD,252,6,0.024,0.032,-0.008,Hero_Product
PACK OF 6 SKULL PAPER CUPS,41,1,0.024,0.032,-0.008,Hero_Product
PACK OF 60 PINK PAISLEY CAKE CASES,165,4,0.024,0.032,-0.008,Hero_Product
FRENCH STYLE STORAGE JAR CAFE,42,1,0.024,0.032,-0.008,Hero_Product
FAMILY PHOTO FRAME CORNICE,83,2,0.024,0.032,-0.008,Hero_Product
GENTLEMAN SHIRT REPAIR KIT,42,1,0.024,0.032,-0.008,Hero_Product
GARDENERS KNEELING PAD KEEP CALM,370,9,0.024,0.032,-0.008,Hero_Product
HAND WARMER OWL DESIGN,410,10,0.024,0.032,-0.008,Hero_Product
GLITTER HEART DECORATION,127,3,0.024,0.032,-0.008,Hero_Product
COLOURING PENCILS BROWN TUBE,42,1,0.024,0.032,-0.008,Hero_Product
BOX OF VINTAGE ALPHABET BLOCKS,83,2,0.024,0.032,-0.008,Hero_Product
CHARLIE & LOLA WASTEPAPER BIN BLUE,41,1,0.024,0.032,-0.008,Hero_Product
CHERRY BLOSSOM DECORATIVE FLASK,42,1,0.024,0.032,-0.008,Hero_Product
ALARM CLOCK BAKELIKE CHOCOLATE,125,3,0.024,0.032,-0.008,Hero_Product
12 MESSAGE CARDS WITH ENVELOPES,83,2,0.024,0.032,-0.008,Hero_Product
BOOM BOX SPEAKER BOYS,42,1,0.024,0.032,-0.008,Hero_Product
BLUE REFECTORY CLOCK,43,1,0.023,0.032,-0.009,Hero_Product
12 PENCILS TALL TUBE WOODLAND,88,2,0.023,0.032,-0.009,Hero_Product
36 PENCILS TUBE SKULLS,88,2,0.023,0.032,-0.009,Hero_Product
CHILDRENS CUTLERY CIRCUS PARADE,44,1,0.023,0.032,-0.009,Hero_Product
"CHARLIE+LOLA""EXTREMELY BUSY"" SIGN",44,1,0.023,0.032,-0.009,Hero_Product
HAND WARMER RED LOVE HEART,355,8,0.023,0.032,-0.009,Hero_Product
HAND WARMER SCOTTY DOG DESIGN,342,8,0.023,0.032,-0.009,Hero_Product
GLASS JAR DAISY FRESH COTTON WOOL,44,1,0.023,0.032,-0.009,Hero_Product
JAZZ HEARTS PURSE NOTEBOOK,130,3,0.023,0.032,-0.009,Hero_Product
ICE CREAM PEN LIP GLOSS,88,2,0.023,0.032,-0.009,Hero_Product
FOLDING BUTTERFLY MIRROR IVORY,44,1,0.023,0.032,-0.009,Hero_Product
EGG FRYING PAN MINT,43,1,0.023,0.032,-0.009,Hero_Product
EMPIRE UNION JACK TV DINNER TRAY,44,1,0.023,0.032,-0.009,Hero_Product
DOORMAT NEW ENGLAND,132,3,0.023,0.032,-0.009,Hero_Product
DOORMAT AIRMAIL,43,1,0.023,0.032,-0.009,Hero_Product
PACK OF 6 SWEETIE GIFT BOXES,43,1,0.023,0.032,-0.009,Hero_Product
PACK OF 12 PINK PAISLEY TISSUES,44,1,0.023,0.032,-0.009,Hero_Product
MORE BUTTER METAL SIGN,44,1,0.023,0.032,-0.009,Hero_Product
PAPER CHAIN KIT VINTAGE CHRISTMAS,475,11,0.023,0.032,-0.009,Hero_Product
PANTRY WASHING UP BRUSH,86,2,0.023,0.032,-0.009,Hero_Product
PAPER CHAIN KIT 50'S CHRISTMAS,650,15,0.023,0.032,-0.009,Hero_Product
KINGS CHOICE MUG,44,1,0.023,0.032,-0.009,Hero_Product
JUMBO BAG VINTAGE DOILY,383,9,0.023,0.032,-0.009,Hero_Product
LUNCH BAG WOODLAND,175,4,0.023,0.032,-0.009,Hero_Product
METAL 4 HOOK HANGER FRENCH CHATEAU,86,2,0.023,0.032,-0.009,Hero_Product
SET OF 4 KNICK KNACK TINS DOILY,218,5,0.023,0.032,-0.009,Hero_Product
SET/3 RED GINGHAM ROSE STORAGE BOX,88,2,0.023,0.032,-0.009,Hero_Product
RED RETROSPOT BOWL,86,2,0.023,0.032,-0.009,Hero_Product
POLYESTER FILLER PAD 40x40cm,88,2,0.023,0.032,-0.009,Hero_Product
POLYESTER FILLER PAD 45x45cm,44,1,0.023,0.032,-0.009,Hero_Product
PLASTERS IN TIN SPACEBOY,214,5,0.023,0.032,-0.009,Hero_Product
POTTERING IN THE SHED METAL SIGN,88,2,0.023,0.032,-0.009,Hero_Product
REVOLVER WOODEN RULER,172,4,0.023,0.032,-0.009,Hero_Product
TREASURE TIN GYMKHANA DESIGN,129,3,0.023,0.032,-0.009,Hero_Product
VINTAGE 2 METRE FOLDING RULER,173,4,0.023,0.032,-0.009,Hero_Product
TRAVEL CARD WALLET PANTRY,43,1,0.023,0.032,-0.009,Hero_Product
SMALL HEART MEASURING SPOONS,87,2,0.023,0.032,-0.009,Hero_Product
YELLOW GIANT GARDEN THERMOMETER,44,1,0.023,0.032,-0.009,Hero_Product
VINTAGE CREAM 3 BASKET CAKE STAND,43,1,0.023,0.032,-0.009,Hero_Product
VINTAGE LEAF CHOPPING BOARD,43,1,0.023,0.032,-0.009,Hero_Product
VINTAGE RED ENAMEL TRIM MUG,44,1,0.023,0.032,-0.009,Hero_Product
VINTAGE JINGLE BELLS WREATH,45,1,0.022,0.032,-0.01,Hero_Product
WHITE SKULL HOT WATER BOTTLE,226,5,0.022,0.032,-0.01,Hero_Product
SPOTTY BUNTING,227,5,0.022,0.032,-0.01,Hero_Product
TRAVEL CARD WALLET I LOVE LONDON,89,2,0.022,0.032,-0.01,Hero_Product
RETROSPOT TEA SET CERAMIC 11 PC,319,7,0.022,0.032,-0.01,Hero_Product
RIBBON REEL STRIPES DESIGN,138,3,0.022,0.032,-0.01,Hero_Product
REINDEER HEART DECORATION SILVER,90,2,0.022,0.032,-0.01,Hero_Product
PLAYING CARDS VINTAGE DOILY,90,2,0.022,0.032,-0.01,Hero_Product
RED APPLES CHOPPING BOARD,46,1,0.022,0.032,-0.01,Hero_Product
SET OF 6 HEART CHOPSTICKS,45,1,0.022,0.032,-0.01,Hero_Product
SET OF 6 T-LIGHTS TOADSTOOLS,46,1,0.022,0.032,-0.01,Hero_Product
SET 12 COLOURING PENCILS DOILY,137,3,0.022,0.032,-0.01,Hero_Product
SET 12 COLOUR PENCILS LOVE LONDON,135,3,0.022,0.032,-0.01,Hero_Product
MAGIC DRAWING SLATE BAKE A CAKE,45,1,0.022,0.032,-0.01,Hero_Product
JUMBO BAG BAROQUE BLACK WHITE,178,4,0.022,0.032,-0.01,Hero_Product
LANDMARK FRAME BAKER STREET,45,1,0.022,0.032,-0.01,Hero_Product
LONDON BUS COFFEE MUG,91,2,0.022,0.032,-0.01,Hero_Product
LARGE PARLOUR PICTURE FRAME,46,1,0.022,0.032,-0.01,Hero_Product
PARISIENNE JEWELLERY DRAWER,91,2,0.022,0.032,-0.01,Hero_Product
PANTRY PASTRY BRUSH,46,1,0.022,0.032,-0.01,Hero_Product
MULTI COLOUR SILVER T-LIGHT HOLDER,138,3,0.022,0.032,-0.01,Hero_Product
PACK OF 12 BLUE PAISLEY TISSUES,46,1,0.022,0.032,-0.01,Hero_Product
OFFICE MUG WARMER POLKADOT,46,1,0.022,0.032,-0.01,Hero_Product
ENAMEL BREAD BIN CREAM,89,2,0.022,0.032,-0.01,Hero_Product
HAPPY STENCIL CRAFT,135,3,0.022,0.032,-0.01,Hero_Product
CURIOUS IMAGES GIFT WRAP SET,45,1,0.022,0.032,-0.01,Hero_Product
CLASSIC GLASS COOKIE JAR,139,3,0.022,0.032,-0.01,Hero_Product
CINAMMON SET OF 9 T-LIGHTS,46,1,0.022,0.032,-0.01,Hero_Product
CLASSIC CAFE SUGAR DISPENSER,92,2,0.022,0.032,-0.01,Hero_Product
CHRISTMAS TREE HANGING SILVER,45,1,0.022,0.032,-0.01,Hero_Product
AIRLINE BAG VINTAGE TOKYO 78,91,2,0.022,0.032,-0.01,Hero_Product
4 VANILLA BOTANICAL CANDLES,136,3,0.022,0.032,-0.01,Hero_Product
BLUE DINER WALL CLOCK,89,2,0.022,0.032,-0.01,Hero_Product
BLACK PIRATE TREASURE CHEST,47,1,0.021,0.032,-0.011,Hero_Product
ANGEL DECORATION 3 BUTTONS,95,2,0.021,0.032,-0.011,Hero_Product
3 TIER CAKE TIN RED AND CREAM,47,1,0.021,0.032,-0.011,Hero_Product
COTTON APRON PANTRY DESIGN,47,1,0.021,0.032,-0.011,Hero_Product
CHILDRENS CUTLERY POLKADOT BLUE,96,2,0.021,0.032,-0.011,Hero_Product
CAKE STAND WHITE TWO TIER LACE,48,1,0.021,0.032,-0.011,Hero_Product
HANGING HEART MIRROR DECORATION,47,1,0.021,0.032,-0.011,Hero_Product
HOT WATER BOTTLE SEX BOMB,95,2,0.021,0.032,-0.011,Hero_Product
PANTRY ROLLING PIN,48,1,0.021,0.032,-0.011,Hero_Product
MAKE YOUR OWN PLAYTIME CARD KIT,47,1,0.021,0.032,-0.011,Hero_Product
POPPY FIELDS CHOPPING BOARD,47,1,0.021,0.032,-0.011,Hero_Product
POSTE FRANCE CUSHION COVER,94,2,0.021,0.032,-0.011,Hero_Product
PLAYING CARDS JUBILEE UNION JACK,188,4,0.021,0.032,-0.011,Hero_Product
SWEETHEART 3 TIER CAKE STAND,96,2,0.021,0.032,-0.011,Hero_Product
WHITE CHRISTMAS GARLAND STARS TREES,47,1,0.021,0.032,-0.011,Hero_Product
WOODLAND PARTY BAG + STICKER SET,48,1,0.021,0.032,-0.011,Hero_Product
SPACEBOY MINI BACKPACK,151,3,0.02,0.032,-0.012,Hero_Product
T-LIGHT HOLDER HANGING LACE,50,1,0.02,0.032,-0.012,Hero_Product
TRAVEL CARD WALLET VINTAGE TICKET,98,2,0.02,0.032,-0.012,Hero_Product
RED GINGHAM TEDDY BEAR,51,1,0.02,0.032,-0.012,Hero_Product
RED RETROSPOT CHARLOTTE BAG,201,4,0.02,0.032,-0.012,Hero_Product
ROMANTIC IMAGES GIFT WRAP SET,50,1,0.02,0.032,-0.012,Hero_Product
ROUND CAKE TIN VINTAGE GREEN,49,1,0.02,0.032,-0.012,Hero_Product
SCENTED VELVET LOUNGE CANDLE,51,1,0.02,0.032,-0.012,Hero_Product
SET 2 TEA TOWELS I LOVE LONDON,101,2,0.02,0.032,-0.012,Hero_Product
SET 36 COLOUR PENCILS LOVE LONDON,102,2,0.02,0.032,-0.012,Hero_Product
SET OF 2 TINS JARDIN DE PROVENCE,51,1,0.02,0.032,-0.012,Hero_Product
LOVE HOT WATER BOTTLE,347,7,0.02,0.032,-0.012,Hero_Product
MINI PAINT SET VINTAGE,100,2,0.02,0.032,-0.012,Hero_Product
LARGE CAKE STAND HANGING STRAWBERY,49,1,0.02,0.032,-0.012,Hero_Product
JUMBO STORAGE BAG SUKI,205,4,0.02,0.032,-0.012,Hero_Product
KEY RING BASEBALL BOOT UNION JACK,101,2,0.02,0.032,-0.012,Hero_Product
JUMBO BAG PINK POLKADOT,202,4,0.02,0.032,-0.012,Hero_Product
JUMBO BAG TOYS,49,1,0.02,0.032,-0.012,Hero_Product
JUMBO BAG SPACEBOY DESIGN,152,3,0.02,0.032,-0.012,Hero_Product
PAPER LANTERN 9 POINT SNOW STAR,49,1,0.02,0.032,-0.012,Hero_Product
PINK DINER WALL CLOCK,50,1,0.02,0.032,-0.012,Hero_Product
PACK OF 6 LARGE FRUIT STRAWS,50,1,0.02,0.032,-0.012,Hero_Product
JAM MAKING SET WITH JARS,203,4,0.02,0.032,-0.012,Hero_Product
DOORMAT BLACK FLOCK,51,1,0.02,0.032,-0.012,Hero_Product
FRENCH WC SIGN BLUE METAL,49,1,0.02,0.032,-0.012,Hero_Product
CARDHOLDER GINGHAM CHRISTMAS TREE,51,1,0.02,0.032,-0.012,Hero_Product
CHERUB HEART DECORATION GOLD,51,1,0.02,0.032,-0.012,Hero_Product
3 ROSE MORRIS BOXED CANDLES,153,3,0.02,0.032,-0.012,Hero_Product
APPLE BATH SPONGE,50,1,0.02,0.032,-0.012,Hero_Product
BLOSSOM IMAGES GIFT WRAP SET,51,1,0.02,0.032,-0.012,Hero_Product
BISCUIT TIN VINTAGE RED,51,1,0.02,0.032,-0.012,Hero_Product
12 PENCILS TALL TUBE RED RETROSPOT,108,2,0.019,0.032,-0.013,Hero_Product
3 GARDENIA MORRIS BOXED CANDLES,54,1,0.019,0.032,-0.013,Hero_Product
CHILDRENS DOLLY GIRL MUG,53,1,0.019,0.032,-0.013,Hero_Product
CREAM CUPID HEARTS COAT HANGER,52,1,0.019,0.032,-0.013,Hero_Product
CHRISTMAS MUSICAL ZINC TREE,52,1,0.019,0.032,-0.013,Hero_Product
ENGLISH ROSE HOT WATER BOTTLE,154,3,0.019,0.032,-0.013,Hero_Product
DINOSAURS WRITING SET,104,2,0.019,0.032,-0.013,Hero_Product
EMBROIDERED RIBBON REEL SUSIE,53,1,0.019,0.032,-0.013,Hero_Product
EGG FRYING PAN IVORY,53,1,0.019,0.032,-0.013,Hero_Product
GLASS APOTHECARY BOTTLE TONIC,107,2,0.019,0.032,-0.013,Hero_Product
MOODY BOY DOOR HANGER,54,1,0.019,0.032,-0.013,Hero_Product
LOVE HEART TRINKET POT,54,1,0.019,0.032,-0.013,Hero_Product
LUNCH BAG SPACEBOY DESIGN,268,5,0.019,0.032,-0.013,Hero_Product
SET 36 COLOUR PENCILS DOLLY GIRL,104,2,0.019,0.032,-0.013,Hero_Product
SET OF 4 KNICK KNACK TINS LONDON,108,2,0.019,0.032,-0.013,Hero_Product
RETROSPOT CIGAR BOX MATCHES,154,3,0.019,0.032,-0.013,Hero_Product
RED RETROSPOT MINI CASES,108,2,0.019,0.032,-0.013,Hero_Product
RECYCLING BAG RETROSPOT,105,2,0.019,0.032,-0.013,Hero_Product
POPPY'S PLAYHOUSE BATHROOM,53,1,0.019,0.032,-0.013,Hero_Product
PLAYING CARDS I LOVE LONDON,104,2,0.019,0.032,-0.013,Hero_Product
VICTORIAN GLASS HANGING T-LIGHT,206,4,0.019,0.032,-0.013,Hero_Product
TOADSTOOL MONEY BOX,52,1,0.019,0.032,-0.013,Hero_Product
SMALL WHITE RETROSPOT MUG IN BOX,55,1,0.018,0.032,-0.014,Hero_Product
WALL ART CLASSIC PUDDINGS,113,2,0.018,0.032,-0.014,Hero_Product
RETROSPOT HEART HOT WATER BOTTLE,284,5,0.018,0.032,-0.014,Hero_Product
RED RETROSPOT WRAP,112,2,0.018,0.032,-0.014,Hero_Product
RED STAR CARD HOLDER,111,2,0.018,0.032,-0.014,Hero_Product
RIBBON REEL MAKING SNOWMEN,113,2,0.018,0.032,-0.014,Hero_Product
SET OF 3 REGENCY CAKE TINS,281,5,0.018,0.032,-0.014,Hero_Product
LUNCH BAG VINTAGE LEAF DESIGN,165,3,0.018,0.032,-0.014,Hero_Product
LUNCH BAG CARS BLUE,219,4,0.018,0.032,-0.014,Hero_Product
MAGIC DRAWING SLATE BUNNIES,57,1,0.018,0.032,-0.014,Hero_Product
LAUREL HEART ANTIQUE SILVER,57,1,0.018,0.032,-0.014,Hero_Product
LARGE ROUND WICKER PLATTER,56,1,0.018,0.032,-0.014,Hero_Product
Next Day Carriage,56,1,0.018,0.032,-0.014,Hero_Product
PINK POLKADOT CUP,55,1,0.018,0.032,-0.014,Hero_Product
PIGGY BANK RETROSPOT,55,1,0.018,0.032,-0.014,Hero_Product
GIRAFFE WOODEN RULER,114,2,0.018,0.032,-0.014,Hero_Product
GINGERBREAD MAN COOKIE CUTTER,222,4,0.018,0.032,-0.014,Hero_Product
HOT WATER BOTTLE I AM SO POORLY,285,5,0.018,0.032,-0.014,Hero_Product
HEART WREATH DECORATION WITH BELL,111,2,0.018,0.032,-0.014,Hero_Product
HEART IVORY TRELLIS LARGE,55,1,0.018,0.032,-0.014,Hero_Product
HOME SWEET HOME BLACKBOARD,114,2,0.018,0.032,-0.014,Hero_Product
DOORMAT FANCY FONT HOME SWEET HOME,111,2,0.018,0.032,-0.014,Hero_Product
DOORMAT HEARTS,113,2,0.018,0.032,-0.014,Hero_Product
FAIRY CAKE FLANNEL ASSORTED COLOUR,163,3,0.018,0.032,-0.014,Hero_Product
FEATHER PEN;COAL BLACK,55,1,0.018,0.032,-0.014,Hero_Product
CHRISTMAS RETROSPOT ANGEL WOOD,112,2,0.018,0.032,-0.014,Hero_Product
COWBOYS AND INDIANS BIRTHDAY CARD,57,1,0.018,0.032,-0.014,Hero_Product
COFFEE MUG APPLES DESIGN,55,1,0.018,0.032,-0.014,Hero_Product
CHILDREN'S SPACEBOY MUG,56,1,0.018,0.032,-0.014,Hero_Product
CHARLOTTE BAG VINTAGE ALPHABET,110,2,0.018,0.032,-0.014,Hero_Product
BIRD HOUSE HOT WATER BOTTLE,113,2,0.018,0.032,-0.014,Hero_Product
BLUE POLKADOT WRAP,55,1,0.018,0.032,-0.014,Hero_Product
BLUE PAISLEY TISSUE BOX,56,1,0.018,0.032,-0.014,Hero_Product
BAG 125g SWIRLY MARBLES,113,2,0.018,0.032,-0.014,Hero_Product
AREA PATROLLED METAL SIGN,117,2,0.017,0.032,-0.015,Hero_Product
ANTIQUE HEART SHELF UNIT,118,2,0.017,0.032,-0.015,Hero_Product
AIRLINE BAG VINTAGE JET SET RED,60,1,0.017,0.032,-0.015,Hero_Product
ABC TREASURE BOOK BOX,59,1,0.017,0.032,-0.015,Hero_Product
6 ROCKET BALLOONS,59,1,0.017,0.032,-0.015,Hero_Product
CHARLOTTE BAG APPLES DESIGN,117,2,0.017,0.032,-0.015,Hero_Product
BUNDLE OF 3 RETRO NOTE BOOKS,119,2,0.017,0.032,-0.015,Hero_Product
CHRISTMAS HANGING SNOWFLAKE,59,1,0.017,0.032,-0.015,Hero_Product
ENCHANTED BIRD COATHANGER 5 HOOK,60,1,0.017,0.032,-0.015,Hero_Product
FELTCRAFT DOLL EMILY,116,2,0.017,0.032,-0.015,Hero_Product
GLITTER CHRISTMAS STAR,115,2,0.017,0.032,-0.015,Hero_Product
HANGING HEART JAR T-LIGHT HOLDER,117,2,0.017,0.032,-0.015,Hero_Product
HAND WARMER BABUSHKA DESIGN,120,2,0.017,0.032,-0.015,Hero_Product
GUMBALL COAT RACK,176,3,0.017,0.032,-0.015,Hero_Product
PACK OF 12 TRADITIONAL CRAYONS,120,2,0.017,0.032,-0.015,Hero_Product
LARGE YELLOW BABUSHKA NOTEBOOK,59,1,0.017,0.032,-0.015,Hero_Product
MAGIC TREE -PAPER FLOWERS,58,1,0.017,0.032,-0.015,Hero_Product
MINT KITCHEN SCALES,116,2,0.017,0.032,-0.015,Hero_Product
SET 6 SCHOOL MILK BOTTLES IN CRATE,177,3,0.017,0.032,-0.015,Hero_Product
VINTAGE UNION JACK MEMOBOARD,60,1,0.017,0.032,-0.015,Hero_Product
VINTAGE RED ENAMEL TRIM JUG,58,1,0.017,0.032,-0.015,Hero_Product
WRAP RED APPLES,60,1,0.017,0.032,-0.015,Hero_Product
TRAVEL CARD WALLET VINTAGE LEAF,59,1,0.017,0.032,-0.015,Hero_Product
TRAVEL CARD WALLET TRANSPORT,60,1,0.017,0.032,-0.015,Hero_Product
WRAP PAISLEY PARK,63,1,0.016,0.032,-0.016,Hero_Product
WRAP CHRISTMAS VILLAGE,126,2,0.016,0.032,-0.016,Hero_Product
WOOD STAMP SET HAPPY BIRTHDAY,61,1,0.016,0.032,-0.016,Hero_Product
SET/6 RED SPOTTY PAPER PLATES,63,1,0.016,0.032,-0.016,Hero_Product
SET/2 RED RETROSPOT TEA TOWELS,63,1,0.016,0.032,-0.016,Hero_Product
RED SPOTTY BISCUIT TIN,63,1,0.016,0.032,-0.016,Hero_Product
REINDEER HEART DECORATION GOLD,61,1,0.016,0.032,-0.016,Hero_Product
RED RETROSPOT SHOPPER BAG,124,2,0.016,0.032,-0.016,Hero_Product
LUNCH BAG RED VINTAGE DOILY,186,3,0.016,0.032,-0.016,Hero_Product
PACK OF 20 NAPKINS RED APPLES,61,1,0.016,0.032,-0.016,Hero_Product
HOT STUFF HOT WATER BOTTLE,64,1,0.016,0.032,-0.016,Hero_Product
GAOLERS KEYS DECORATIVE GARDEN,61,1,0.016,0.032,-0.016,Hero_Product
FOLDING BUTTERFLY MIRROR HOT PINK,64,1,0.016,0.032,-0.016,Hero_Product
DOORMAT WELCOME TO OUR HOME,61,1,0.016,0.032,-0.016,Hero_Product
EGG FRYING PAN RED,61,1,0.016,0.032,-0.016,Hero_Product
CHOCOLATE BOX RIBBONS,63,1,0.016,0.032,-0.016,Hero_Product
CIRCUS PARADE LUNCH BOX,61,1,0.016,0.032,-0.016,Hero_Product
12 PENCILS TALL TUBE SKULLS,127,2,0.016,0.032,-0.016,Hero_Product
4 PEAR BOTANICAL DINNER CANDLES,122,2,0.016,0.032,-0.016,Hero_Product
ANTIQUE GLASS PEDESTAL BOWL,63,1,0.016,0.032,-0.016,Hero_Product
BELLE JARDINIERE CUSHION COVER,129,2,0.016,0.032,-0.016,Hero_Product
CHILDS BREAKFAST SET SPACEBOY,68,1,0.015,0.032,-0.017,Hero_Product
CHRISTMAS TABLE SILVER CANDLE SPIKE,66,1,0.015,0.032,-0.017,Hero_Product
BREAD BIN DINER STYLE RED,67,1,0.015,0.032,-0.017,Hero_Product
BULL DOG BOTTLE OPENER,68,1,0.015,0.032,-0.017,Hero_Product
CERAMIC STRAWBERRY DESIGN MUG,66,1,0.015,0.032,-0.017,Hero_Product
DOLLY GIRL BEAKER,65,1,0.015,0.032,-0.017,Hero_Product
DOLLY GIRL CHILDRENS CUP,68,1,0.015,0.032,-0.017,Hero_Product
FELTCRAFT HAIRBAND PINK AND BLUE,67,1,0.015,0.032,-0.017,Hero_Product
HEART WOODEN CHRISTMAS DECORATION,137,2,0.015,0.032,-0.017,Hero_Product
GROW YOUR OWN BASIL IN ENAMEL MUG,68,1,0.015,0.032,-0.017,Hero_Product
GLITTER BUTTERFLY CLIPS,66,1,0.015,0.032,-0.017,Hero_Product
GLASS APOTHECARY BOTTLE ELIXIR,65,1,0.015,0.032,-0.017,Hero_Product
PACK OF 6 BIRDY GIFT TAGS,136,2,0.015,0.032,-0.017,Hero_Product
PEACE WOODEN BLOCK LETTERS,66,1,0.015,0.032,-0.017,Hero_Product
LUNCH BAG PINK POLKADOT,197,3,0.015,0.032,-0.017,Hero_Product
MAGNETS PACK OF 4 VINTAGE COLLAGE,68,1,0.015,0.032,-0.017,Hero_Product
MINI CAKE STAND HANGING STRAWBERY,65,1,0.015,0.032,-0.017,Hero_Product
RED RETROSPOT CHILDRENS UMBRELLA,65,1,0.015,0.032,-0.017,Hero_Product
POTTERING MUG,68,1,0.015,0.032,-0.017,Hero_Product
RETROSPOT LARGE MILK JUG,65,1,0.015,0.032,-0.017,Hero_Product
RIBBON REEL CHRISTMAS PRESENT,137,2,0.015,0.032,-0.017,Hero_Product
SET OF 12 FORK CANDLES,67,1,0.015,0.032,-0.017,Hero_Product
WRAP 50'S CHRISTMAS,130,2,0.015,0.032,-0.017,Hero_Product
WOODLAND SMALL RED FELT HEART,68,1,0.015,0.032,-0.017,Hero_Product
WOODEN OWLS LIGHT GARLAND,68,1,0.015,0.032,-0.017,Hero_Product
STRAWBERRY BATH SPONGE,65,1,0.015,0.032,-0.017,Hero_Product
STAR DECORATION RUSTIC,71,1,0.014,0.032,-0.018,Hero_Product
SLEEPING CAT ERASERS,74,1,0.014,0.032,-0.018,Hero_Product
WALL ART 70'S ALPHABET,71,1,0.014,0.032,-0.018,Hero_Product
SET 8 CANDLES VINTAGE DOILY,70,1,0.014,0.032,-0.018,Hero_Product
SINGLE ANTIQUE ROSE HOOK IVORY,72,1,0.014,0.032,-0.018,Hero_Product
SINGLE HEART ZINC T-LIGHT HOLDER,69,1,0.014,0.032,-0.018,Hero_Product
REGENCY MILK JUG PINK,69,1,0.014,0.032,-0.018,Hero_Product
LARGE RED BABUSHKA NOTEBOOK,71,1,0.014,0.032,-0.018,Hero_Product
JUMBO BAG WOODLAND ANIMALS,139,2,0.014,0.032,-0.018,Hero_Product
I'M ON HOLIDAY METAL SIGN,74,1,0.014,0.032,-0.018,Hero_Product
ENAMEL MEASURING JUG CREAM,72,1,0.014,0.032,-0.018,Hero_Product
CHILDS BREAKFAST SET DOLLY GIRL,70,1,0.014,0.032,-0.018,Hero_Product
ANTIQUE SILVER BAUBLE LAMP,74,1,0.014,0.032,-0.018,Hero_Product
ANTIQUE GLASS DRESSING TABLE POT,69,1,0.014,0.032,-0.018,Hero_Product
FOUR HOOK WHITE LOVEBIRDS,79,1,0.013,0.032,-0.019,Hero_Product
MAGNETS PACK OF 4 HOME SWEET HOME,77,1,0.013,0.032,-0.019,Hero_Product
MAKE YOUR OWN MONSOON CARD KIT,79,1,0.013,0.032,-0.019,Hero_Product
ROSE CARAVAN DOORSTOP,75,1,0.013,0.032,-0.019,Hero_Product
RED RETROSPOT SMALL MILK JUG,78,1,0.013,0.032,-0.019,Hero_Product
RED RETROSPOT ROUND CAKE TINS,77,1,0.013,0.032,-0.019,Hero_Product
SET OF 4 JAM JAR MAGNETS,79,1,0.013,0.032,-0.019,Hero_Product
SCANDINAVIAN REDS RIBBONS,150,2,0.013,0.032,-0.019,Hero_Product
WALL ART BICYCLE SAFETY,151,2,0.013,0.032,-0.019,Hero_Product
WALL ART DOG LICENCE,75,1,0.013,0.032,-0.019,Hero_Product
WOODEN SCHOOL COLOURING SET,153,2,0.013,0.032,-0.019,Hero_Product
SMALL YELLOW BABUSHKA NOTEBOOK,79,1,0.013,0.032,-0.019,Hero_Product
WOOD STOCKING CHRISTMAS SCANDISPOT,86,1,0.012,0.032,-0.02,Hero_Product
WOOD BLACK BOARD ANT WHITE FINISH,163,2,0.012,0.032,-0.02,Hero_Product
WALL ART KEEP CALM,86,1,0.012,0.032,-0.02,Hero_Product
RED HANGING HEART T-LIGHT HOLDER,247,3,0.012,0.032,-0.02,Hero_Product
RIBBON REEL POLKADOTS,83,1,0.012,0.032,-0.02,Hero_Product
MAGIC SHEEP WOOL GROWING FROM PAPER,80,1,0.013,0.032,-0.02,Hero_Product
LANDMARK FRAME OXFORD STREET,84,1,0.012,0.032,-0.02,Hero_Product
PAPER CHAIN KIT RETROSPOT,164,2,0.012,0.032,-0.02,Hero_Product
MOODY GIRL DOOR HANGER,80,1,0.013,0.032,-0.02,Hero_Product
FLUTED ANTIQUE CANDLE HOLDER,82,1,0.012,0.032,-0.02,Hero_Product
FELTCRAFT GIRL NICOLE KIT,82,1,0.012,0.032,-0.02,Hero_Product
FAMILY ALBUM WHITE PICTURE FRAME,83,1,0.012,0.032,-0.02,Hero_Product
EDWARDIAN PARASOL RED,80,1,0.013,0.032,-0.02,Hero_Product
DECORATIVE WICKER HEART MEDIUM,167,2,0.012,0.032,-0.02,Hero_Product
IVORY WICKER HEART SMALL,83,1,0.012,0.032,-0.02,Hero_Product
GREY HEART HOT WATER BOTTLE,256,3,0.012,0.032,-0.02,Hero_Product
HANGING HEART ZINC T-LIGHT HOLDER,86,1,0.012,0.032,-0.02,Hero_Product
CARD HOLDER LOVE BIRD LARGE,80,1,0.013,0.032,-0.02,Hero_Product
BROCADE RING PURSE,94,1,0.011,0.032,-0.021,Hero_Product
CERAMIC CHERRY CAKE MONEY BANK,87,1,0.011,0.032,-0.021,Hero_Product
HANGING METAL STAR LANTERN,88,1,0.011,0.032,-0.021,Hero_Product
JINGLE BELL HEART ANTIQUE GOLD,90,1,0.011,0.032,-0.021,Hero_Product
IVORY DINER WALL CLOCK,91,1,0.011,0.032,-0.021,Hero_Product
DOORMAT SPOTTY HOME SWEET HOME,95,1,0.011,0.032,-0.021,Hero_Product
LARGE CERAMIC TOP STORAGE JAR,89,1,0.011,0.032,-0.021,Hero_Product
RETROSPOT GIANT TUBE MATCHES,90,1,0.011,0.032,-0.021,Hero_Product
PLASTERS IN TIN CIRCUS PARADE,187,2,0.011,0.032,-0.021,Hero_Product
SET 12 RETRO WHITE CHALK STICKS,91,1,0.011,0.032,-0.021,Hero_Product
SET OF 2 TRAYS HOME SWEET HOME,94,1,0.011,0.032,-0.021,Hero_Product
SILVER MUG BONE CHINA TREE OF LIFE,94,1,0.011,0.032,-0.021,Hero_Product
VINTAGE CHRISTMAS TABLECLOTH,87,1,0.011,0.032,-0.021,Hero_Product
ZINC T-LIGHT HOLDER STARS SMALL,90,1,0.011,0.032,-0.021,Hero_Product
STAR WREATH DECORATION WITH BELL,88,1,0.011,0.032,-0.021,Hero_Product
WOOD STAMP SET BEST WISHES,101,1,0.01,0.032,-0.022,Hero_Product
PLACE SETTING WHITE HEART,103,1,0.01,0.032,-0.022,Hero_Product
RED RETROSPOT CAKE STAND,104,1,0.01,0.032,-0.022,Hero_Product
KNEELING MAT HOUSEWORK DESIGN,96,1,0.01,0.032,-0.022,Hero_Product
JUMBO BAG OWLS,105,1,0.01,0.032,-0.022,Hero_Product
MONSTERS STENCIL CRAFT,96,1,0.01,0.032,-0.022,Hero_Product
GINGHAM HEART DOORSTOP RED,98,1,0.01,0.032,-0.022,Hero_Product
CHARLIE + LOLA RED HOT WATER BOTTLE,98,1,0.01,0.032,-0.022,Hero_Product
CHRISTMAS LIGHTS 10 SANTAS,117,1,0.009,0.032,-0.023,Hero_Product
ASSORTED COLOUR MINI CASES,111,1,0.009,0.032,-0.023,Hero_Product
IVORY WICKER HEART LARGE,213,2,0.009,0.032,-0.023,Hero_Product
HOME SWEET HOME HANGING HEART,110,1,0.009,0.032,-0.023,Hero_Product
DOORMAT UNION FLAG,106,1,0.009,0.032,-0.023,Hero_Product
RED RETROSPOT OVEN GLOVE,108,1,0.009,0.032,-0.023,Hero_Product
REGENCY TEAPOT ROSES,106,1,0.009,0.032,-0.023,Hero_Product
SET OF 3 BIRD LIGHT PINK FEATHER,114,1,0.009,0.032,-0.023,Hero_Product
SOLDIERS EGG CUP,111,1,0.009,0.032,-0.023,Hero_Product
SPACEBOY BIRTHDAY CARD,111,1,0.009,0.032,-0.023,Hero_Product
STAR WOODEN CHRISTMAS DECORATION,128,1,0.008,0.032,-0.024,Hero_Product
STRAWBERRY CERAMIC TRINKET POT,126,1,0.008,0.032,-0.024,Hero_Product
WHITE ROCKING HORSE HAND PAINTED,122,1,0.008,0.032,-0.024,Hero_Product
SET OF 4 ROSE BOTANICAL CANDLES,128,1,0.008,0.032,-0.024,Hero_Product
MEMO BOARD RETROSPOT DESIGN,119,1,0.008,0.032,-0.024,Hero_Product
FELTCRAFT DOLL MOLLY,124,1,0.008,0.032,-0.024,Hero_Product
CHRISTMAS TOILET ROLL,126,1,0.008,0.032,-0.024,Hero_Product
SET OF 6 SPICE TINS PANTRY DESIGN,179,1,0.006,0.032,-0.026,Hero_Product
SET 6 PAPER TABLE LANTERN HEARTS,155,1,0.006,0.032,-0.026,Hero_Product
SET OF 12 T-LIGHTS VINTAGE DOILY,53,0,0,0.032,-0.032,Hero_Product
SET OF 2 ROUND TINS DUTCH CHEESE,43,0,0,0.032,-0.032,Hero_Product
SET OF 3 PANTRY WOODEN SPOONS,41,0,0,0.032,-0.032,Hero_Product
SET 20 NAPKINS FAIRY CAKES DESIGN,63,0,0,0.032,-0.032,Hero_Product
SET 4 VALENTINE DECOUPAGE HEART BOX,34,0,0,0.032,-0.032,Hero_Product
S/4 PINK FLOWER CANDLES IN BOWL,46,0,0,0.032,-0.032,Hero_Product
SET 10 NIGHT OWL LIGHTS,62,0,0,0.032,-0.032,Hero_Product
SET 12 KIDS WHITE CHALK STICKS,79,0,0,0.032,-0.032,Hero_Product
SET OF 6 STRAWBERRY CHOPSTICKS,35,0,0,0.032,-0.032,Hero_Product
SET OF 9 BLACK SKULL BALLOONS,54,0,0,0.032,-0.032,Hero_Product
SET OF 6 HERB TINS SKETCHBOOK,52,0,0,0.032,-0.032,Hero_Product
SET OF 6 RIBBONS COUNTRY STYLE,37,0,0,0.032,-0.032,Hero_Product
SET OF 6 RIBBONS PERFECTLY PRETTY,65,0,0,0.032,-0.032,Hero_Product
SET3 BOOK BOX GREEN GINGHAM FLOWER,60,0,0,0.032,-0.032,Hero_Product
SEWING BOX RETROSPOT DESIGN,63,0,0,0.032,-0.032,Hero_Product
SET/12 TAPER CANDLES,37,0,0,0.032,-0.032,Hero_Product
SET/10 BLUE POLKADOT PARTY CANDLES,51,0,0,0.032,-0.032,Hero_Product
SET/3 VANILLA SCENTED CANDLE IN BOX,33,0,0,0.032,-0.032,Hero_Product
REGENCY TEA STRAINER,54,0,0,0.032,-0.032,Hero_Product
RETRO PLASTIC POLKA TRAY,30,0,0,0.032,-0.032,Hero_Product
RETROSPOT SMALL TUBE MATCHES,90,0,0,0.032,-0.032,Hero_Product
REGENCY CAKE SLICE,30,0,0,0.032,-0.032,Hero_Product
RED ROCKING HORSE HAND PAINTED,87,0,0,0.032,-0.032,Hero_Product
ROBOT BIRTHDAY CARD,65,0,0,0.032,-0.032,Hero_Product
RIBBON REEL FLORA + FAUNA,39,0,0,0.032,-0.032,Hero_Product
ROUND STORAGE TIN VINTAGE LEAF,40,0,0,0.032,-0.032,Hero_Product
RED RETROSPOT SUGAR JAM BOWL,43,0,0,0.032,-0.032,Hero_Product
RED RETROSPOT TAPE,30,0,0,0.032,-0.032,Hero_Product
RED RETROSPOT TEA CUP AND SAUCER,44,0,0,0.032,-0.032,Hero_Product
RED REFECTORY CLOCK,61,0,0,0.032,-0.032,Hero_Product
RED RETRO KITCHEN WALL CLOCK,34,0,0,0.032,-0.032,Hero_Product
RED RETROSPOT MUG,31,0,0,0.032,-0.032,Hero_Product
RED HEART SHAPE LOVE BUCKET,54,0,0,0.032,-0.032,Hero_Product
RED BABY BUNTING,41,0,0,0.032,-0.032,Hero_Product
PLACE SETTING WHITE STAR,53,0,0,0.032,-0.032,Hero_Product
POTTING SHED TEA MUG,34,0,0,0.032,-0.032,Hero_Product
RECYCLED PENCIL WITH RABBIT ERASER,30,0,0,0.032,-0.032,Hero_Product
MINI JIGSAW PURDEY,40,0,0,0.032,-0.032,Hero_Product
MINI JIGSAW SPACEBOY,57,0,0,0.032,-0.032,Hero_Product
MAGIC DRAWING SLATE LEAP FROG,36,0,0,0.032,-0.032,Hero_Product
MADRAS NOTEBOOK MEDIUM,46,0,0,0.032,-0.032,Hero_Product
JUMBO BAG APPLES,185,0,0,0.032,-0.032,Hero_Product
JUMBO BAG PEARS,156,0,0,0.032,-0.032,Hero_Product
LARGE CAKE TOWEL CHOCOLATE SPOTS,52,0,0,0.032,-0.032,Hero_Product
LANTERN CREAM GAZEBO,76,0,0,0.032,-0.032,Hero_Product
LARGE IVORY HEART WALL ORGANISER,43,0,0,0.032,-0.032,Hero_Product
LAUREL STAR ANTIQUE SILVER,43,0,0,0.032,-0.032,Hero_Product
LAUREL HEART ANTIQUE GOLD,30,0,0,0.032,-0.032,Hero_Product
LIGHT GARLAND BUTTERFILES PINK,55,0,0,0.032,-0.032,Hero_Product
LOVE HEART POCKET WARMER,33,0,0,0.032,-0.032,Hero_Product
LOCAL CAFE MUG,31,0,0,0.032,-0.032,Hero_Product
MONEY BOX KINGS CHOICE DESIGN,36,0,0,0.032,-0.032,Hero_Product
N0 SINGING METAL SIGN,51,0,0,0.032,-0.032,Hero_Product
NATURAL SLATE RECTANGLE CHALKBOARD,93,0,0,0.032,-0.032,Hero_Product
ORIGAMI ROSE INCENSE/CANDLE SET,33,0,0,0.032,-0.032,Hero_Product
PACK OF 20 SPACEBOY NAPKINS,36,0,0,0.032,-0.032,Hero_Product
PAPER BUNTING PAISLEY PARK,53,0,0,0.032,-0.032,Hero_Product
PARISIENNE KEY CABINET,72,0,0,0.032,-0.032,Hero_Product
PARISIENNE SEWING BOX,56,0,0,0.032,-0.032,Hero_Product
PARTY CONE CHRISTMAS DECORATION,42,0,0,0.032,-0.032,Hero_Product
PAPER BUNTING VINTAGE PAISLEY,35,0,0,0.032,-0.032,Hero_Product
PAPER BUNTING VINTAGE PARTY,74,0,0,0.032,-0.032,Hero_Product
PAPER BUNTING WHITE LACE,59,0,0,0.032,-0.032,Hero_Product
PANTRY HOOK BALLOON WHISK,31,0,0,0.032,-0.032,Hero_Product
PANTRY HOOK SPATULA,30,0,0,0.032,-0.032,Hero_Product
PANTRY HOOK TEA STRAINER,32,0,0,0.032,-0.032,Hero_Product
PAISLEY PARK CARD,40,0,0,0.032,-0.032,Hero_Product
PING MICROWAVE APRON,37,0,0,0.032,-0.032,Hero_Product
PINK BABY BUNTING,34,0,0,0.032,-0.032,Hero_Product
PHOTO FRAME LINEN AND LACE SMALL,38,0,0,0.032,-0.032,Hero_Product
PICTURE FRAME WOOD TRIPLE PORTRAIT,63,0,0,0.032,-0.032,Hero_Product
PIG KEYRING WITH LIGHT & SOUND,37,0,0,0.032,-0.032,Hero_Product
PENCIL CASE LIFE IS BEAUTIFUL,34,0,0,0.032,-0.032,Hero_Product
PINK VINTAGE PAISLEY PICNIC BAG,47,0,0,0.032,-0.032,Hero_Product
CHOCOLATE CALCULATOR,56,0,0,0.032,-0.032,Hero_Product
CHILDS BREAKFAST SET CIRCUS PARADE,72,0,0,0.032,-0.032,Hero_Product
CLASSIC BICYCLE CLIPS,143,0,0,0.032,-0.032,Hero_Product
CINAMMON & ORANGE WREATH,31,0,0,0.032,-0.032,Hero_Product
COFFEE MUG CAT + BIRD DESIGN,50,0,0,0.032,-0.032,Hero_Product
COFFEE MUG DOG + BALL DESIGN,38,0,0,0.032,-0.032,Hero_Product
COFFEE MUG PEARS DESIGN,48,0,0,0.032,-0.032,Hero_Product
COLOURED GLASS STAR T-LIGHT HOLDER,72,0,0,0.032,-0.032,Hero_Product
CUPCAKE LACE PAPER SET 6,45,0,0,0.032,-0.032,Hero_Product
DANISH ROSE ROUND SEWING BOX,33,0,0,0.032,-0.032,Hero_Product
CHARLIE & LOLA WASTEPAPER BIN FLORA,50,0,0,0.032,-0.032,Hero_Product
BUNDLE OF 3 SCHOOL EXERCISE BOOKS,80,0,0,0.032,-0.032,Hero_Product
CAKE PLATE LOVEBIRD WHITE,31,0,0,0.032,-0.032,Hero_Product
CAKE STAND LOVEBIRD 2 TIER WHITE,48,0,0,0.032,-0.032,Hero_Product
CARD CIRCUS PARADE,43,0,0,0.032,-0.032,Hero_Product
CAMOUFLAGE LED TORCH,64,0,0,0.032,-0.032,Hero_Product
CERAMIC BOWL WITH STRAWBERRY DESIGN,31,0,0,0.032,-0.032,Hero_Product
ASSORTED COLOUR T-LIGHT HOLDER,44,0,0,0.032,-0.032,Hero_Product
ASSORTED BOTTLE TOP MAGNETS,45,0,0,0.032,-0.032,Hero_Product
ANTIQUE TALL SWIRLGLASS TRINKET POT,51,0,0,0.032,-0.032,Hero_Product
ANGEL DECORATION STARS ON DRESS,66,0,0,0.032,-0.032,Hero_Product
ANTIQUE ALL GLASS CANDLESTICK,69,0,0,0.032,-0.032,Hero_Product
BALLOON ART MAKE YOUR OWN FLOWERS,52,0,0,0.032,-0.032,Hero_Product
BALLOON PUMP WITH 10 BALLOONS,48,0,0,0.032,-0.032,Hero_Product
BALLOON WATER BOMB PACK OF 35,36,0,0,0.032,-0.032,Hero_Product
BLUE POLKADOT BOWL,51,0,0,0.032,-0.032,Hero_Product
BICYCLE PUNCTURE REPAIR KIT,169,0,0,0.032,-0.032,Hero_Product
BLUE CALCULATOR RULER,47,0,0,0.032,-0.032,Hero_Product
BLACK TEA TOWEL CLASSIC DESIGN,53,0,0,0.032,-0.032,Hero_Product
4 IVORY DINNER CANDLES SILVER FLOCK,53,0,0,0.032,-0.032,Hero_Product
3 TIER CAKE TIN GREEN AND CREAM,37,0,0,0.032,-0.032,Hero_Product
3 WHITE CHOC MORRIS BOXED CANDLES,93,0,0,0.032,-0.032,Hero_Product
36 FOIL HEART CAKE CASES,38,0,0,0.032,-0.032,Hero_Product
12 COLOURED PARTY BALLOONS,44,0,0,0.032,-0.032,Hero_Product
20 DOLLY PEGS RETROSPOT,63,0,0,0.032,-0.032,Hero_Product
3 HOOK PHOTO SHELF ANTIQUE WHITE,93,0,0,0.032,-0.032,Hero_Product
3 RAFFIA RIBBONS 50'S CHRISTMAS,132,0,0,0.032,-0.032,Hero_Product
3 RAFFIA RIBBONS VINTAGE CHRISTMAS,37,0,0,0.032,-0.032,Hero_Product
ADULT APRON APPLE DELIGHT,38,0,0,0.032,-0.032,Hero_Product
AIRLINE BAG VINTAGE JET SET BROWN,34,0,0,0.032,-0.032,Hero_Product
ALPHABET STENCIL CRAFT,77,0,0,0.032,-0.032,Hero_Product
ALUMINIUM STAMPED HEART,49,0,0,0.032,-0.032,Hero_Product
6 CHOCOLATE LOVE HEART T-LIGHTS,41,0,0,0.032,-0.032,Hero_Product
A PRETTY THANK YOU CARD,44,0,0,0.032,-0.032,Hero_Product
FELTCRAFT HAIRBAND RED AND BLUE,88,0,0,0.032,-0.032,Hero_Product
FILIGREE HEART BUTTERFLY WHITE,49,0,0,0.032,-0.032,Hero_Product
FILIGREE HEART DAISY WHITE,36,0,0,0.032,-0.032,Hero_Product
FANCY FONT BIRTHDAY CARD;,53,0,0,0.032,-0.032,Hero_Product
FOLKART ZINC HEART CHRISTMAS DEC,51,0,0,0.032,-0.032,Hero_Product
FOOD CONTAINER SET 3 LOVE HEART,57,0,0,0.032,-0.032,Hero_Product
FRENCH BLUE METAL DOOR SIGN 4,30,0,0,0.032,-0.032,Hero_Product
DELUXE SEWING KIT,76,0,0,0.032,-0.032,Hero_Product
DOORMAT 3 SMILEY CATS,43,0,0,0.032,-0.032,Hero_Product
DOILY THANK YOU CARD,73,0,0,0.032,-0.032,Hero_Product
ENAMEL WATERING CAN CREAM,31,0,0,0.032,-0.032,Hero_Product
EMPIRE GIFT WRAP,34,0,0,0.032,-0.032,Hero_Product
EGG FRYING PAN PINK,42,0,0,0.032,-0.032,Hero_Product
HI TEC ALPINE HAND WARMER,36,0,0,0.032,-0.032,Hero_Product
HENRIETTA HEN MUG,47,0,0,0.032,-0.032,Hero_Product
HEART DECORATION WITH PEARLS,53,0,0,0.032,-0.032,Hero_Product
JOY WOODEN BLOCK LETTERS,70,0,0,0.032,-0.032,Hero_Product
IVORY HANGING DECORATION HEART,39,0,0,0.032,-0.032,Hero_Product
IVORY PILLAR CANDLE SILVER FLOCK,36,0,0,0.032,-0.032,Hero_Product
IVORY RETRO KITCHEN WALL CLOCK,43,0,0,0.032,-0.032,Hero_Product
I LOVE LONDON MINI BACKPACK,49,0,0,0.032,-0.032,Hero_Product
ICE CREAM BUBBLES,63,0,0,0.032,-0.032,Hero_Product
GIN AND TONIC DIET METAL SIGN,64,0,0,0.032,-0.032,Hero_Product
GLASS CLOCHE SMALL,33,0,0,0.032,-0.032,Hero_Product
GLASS HEART T-LIGHT HOLDER,34,0,0,0.032,-0.032,Hero_Product
GLITTER HANGING BUTTERFLY STRING,60,0,0,0.032,-0.032,Hero_Product
GLASS SONGBIRD STORAGE JAR,35,0,0,0.032,-0.032,Hero_Product
GLASS STAR FROSTED T-LIGHT HOLDER,46,0,0,0.032,-0.032,Hero_Product
HANGING QUILTED PATCHWORK APPLES,43,0,0,0.032,-0.032,Hero_Product
HANGING JAM JAR T-LIGHT HOLDERS,56,0,0,0.032,-0.032,Hero_Product
HANGING HEART BONHEUR,54,0,0,0.032,-0.032,Hero_Product
GROW YOUR OWN FLOWERS SET OF 3,48,0,0,0.032,-0.032,Hero_Product
GLITTER HEART GARLAND WITH BELLS,56,0,0,0.032,-0.032,Hero_Product
GLITTER STAR GARLAND WITH BELLS,42,0,0,0.032,-0.032,Hero_Product
GOLD MUG BONE CHINA TREE OF LIFE,56,0,0,0.032,-0.032,Hero_Product
GRAND CHOCOLATECANDLE,87,0,0,0.032,-0.032,Hero_Product
GREEN METAL BOX ARMY SUPPLIES,59,0,0,0.032,-0.032,Hero_Product
GREEN POLKADOT BOWL,50,0,0,0.032,-0.032,Hero_Product
WIRE EGG BASKET,64,0,0,0.032,-0.032,Hero_Product
VINTAGE KID DOLLY CARD,39,0,0,0.032,-0.032,Hero_Product
VINTAGE GLASS T-LIGHT HOLDER,106,0,0,0.032,-0.032,Hero_Product
VINTAGE RED ENAMEL TRIM PLATE,34,0,0,0.032,-0.032,Hero_Product
VINTAGE RED TRIM ENAMEL BOWL,57,0,0,0.032,-0.032,Hero_Product
ZINC SWEETHEART WIRE LETTER RACK,33,0,0,0.032,-0.032,Hero_Product
ZINC T-LIGHT HOLDER STAR LARGE,61,0,0,0.032,-0.032,Hero_Product
WOODEN ROUNDERS GARDEN SET,71,0,0,0.032,-0.032,Hero_Product
WOODLAND SMALL BLUE FELT HEART,42,0,0,0.032,-0.032,Hero_Product
WOODLAND SMALL PINK FELT HEART,39,0,0,0.032,-0.032,Hero_Product
WRAP KEEP CALM BIRTHDAY,62,0,0,0.032,-0.032,Hero_Product
STRAWBERRY FAIRY CAKE TEAPOT,35,0,0,0.032,-0.032,Hero_Product
SWALLOWS GREETING CARD,50,0,0,0.032,-0.032,Hero_Product
STARS GIFT TAPE,41,0,0,0.032,-0.032,Hero_Product
STORAGE TIN HOME SWEET HOME,34,0,0,0.032,-0.032,Hero_Product
STORAGE TIN VINTAGE LEAF,36,0,0,0.032,-0.032,Hero_Product
SQUARECUSHION COVER PINK UNION JACK,30,0,0,0.032,-0.032,Hero_Product
SPOTTY PINK DUCK DOORSTOP,39,0,0,0.032,-0.032,Hero_Product
SPACEBOY ROCKET LOLLY MAKERS,82,0,0,0.032,-0.032,Hero_Product
SPACEBOY BABY GIFT SET,40,0,0,0.032,-0.032,Hero_Product
SPACEBOY BEAKER,60,0,0,0.032,-0.032,Hero_Product
SNACK TRAY HAPPY FOREST,34,0,0,0.032,-0.032,Hero_Product
SNACK TRAY I LOVE LONDON,39,0,0,0.032,-0.032,Hero_Product
SNACK TRAY PAISLEY PARK,40,0,0,0.032,-0.032,Hero_Product
SNACK TRAY RED VINTAGE DOILY,50,0,0,0.032,-0.032,Hero_Product
SLATE TILE NATURAL HANGING,54,0,0,0.032,-0.032,Hero_Product
SKULLS STICKERS,30,0,0,0.032,-0.032,Hero_Product
SKULLS WATER TRANSFER TATTOOS,44,0,0,0.032,-0.032,Hero_Product
SKULLS AND CROSSBONES WRAP,51,0,0,0.032,-0.032,Hero_Product
SKULLS GREETING CARD,33,0,0,0.032,-0.032,Hero_Product
SMALL RED BABUSHKA NOTEBOOK,96,0,0,0.032,-0.032,Hero_Product
SMALL RED RETROSPOT MUG IN BOX,48,0,0,0.032,-0.032,Hero_Product
TRAVEL CARD WALLET UNION JACK,74,0,0,0.032,-0.032,Hero_Product
TRELLIS COAT RACK,32,0,0,0.032,-0.032,Hero_Product
TREASURE TIN BUFFALO BILL,82,0,0,0.032,-0.032,Hero_Product
TV DINNER TRAY DOLLY GIRL,33,0,0,0.032,-0.032,Hero_Product
TV DINNER TRAY VINTAGE PAISLEY,41,0,0,0.032,-0.032,Hero_Product
UNION JACK FLAG LUGGAGE TAG,38,0,0,0.032,-0.032,Hero_Product
VICTORIAN SEWING KIT,38,0,0,0.032,-0.032,Hero_Product
VINTAGE BILLBOARD MUG,36,0,0,0.032,-0.032,Hero_Product
TEA TIME KITCHEN APRON,37,0,0,0.032,-0.032,Hero_Product
T-LIGHT GLASS FLUTED ANTIQUE,139,0,0,0.032,-0.032,Hero_Product
TEA BAG PLATE RED RETROSPOT,85,0,0,0.032,-0.032,Hero_Product
