CustomerID,Num_Purchase_Dates,Days_From_End,Personal_Churn_Window,Churn_Risk_Score
13819,3,301,9.6,31.35416667
12845,4,267,12.8,20.859375
17509,3,57,3,19
15334,3,156,9.4,16.59574468
15107,6,311,20.4,15.24509804
16725,6,302,20.6,14.66019417
16997,3,288,20,14.4
12811,3,260,18.6,13.97849462
13093,7,275,21,13.0952381
13963,4,308,24.4,12.62295082
16866,3,140,11.4,12.28070175
17955,3,198,16.2,12.22222222
14584,4,169,14,12.07142857
15100,3,333,27.8,11.97841727
15808,4,306,28.6,10.6993007
17062,4,313,29.8,10.5033557
16832,3,184,18,10.22222222
17912,4,310,31,10
17312,3,138,14.4,9.583333333
15235,10,217,23.2,9.353448276
13856,3,168,19,8.842105263
16226,3,203,23.2,8.75
15508,4,189,22,8.590909091
18073,10,114,13.4,8.507462687
17444,3,147,17.6,8.352272727
16919,11,156,18.8,8.29787234
16174,3,126,15.2,8.289473684
14779,3,280,33.8,8.284023669
15881,3,312,39.8,7.83919598
14176,3,297,38.6,7.694300518
13715,4,281,43.8,6.415525114
17723,6,127,20.8,6.105769231
14616,3,242,40.2,6.019900498
12754,3,235,39.8,5.904522613
16378,3,247,42,5.880952381
17230,4,264,45.2,5.840707965
12999,3,196,33.8,5.798816568
18231,5,192,34,5.647058824
17504,6,206,36.6,5.628415301
13217,3,122,21.8,5.596330275
12980,9,157,28.8,5.451388889
16037,3,269,50.2,5.358565737
14414,7,91,17,5.352941176
14532,4,236,45,5.244444444
17849,4,218,43.8,4.97716895
17874,3,185,38,4.868421053
16306,6,213,45,4.733333333
13475,4,191,41.2,4.63592233
17770,4,198,43.4,4.562211982
16745,17,86,19,4.526315789
17656,5,73,16.2,4.50617284
17580,3,252,57.2,4.405594406
12457,7,66,15,4.4
14573,8,179,40.8,4.387254902
13811,3,183,42.4,4.316037736
18239,5,218,50.8,4.291338583
16356,3,197,46,4.282608696
15332,2,366,3,4.255813953
18260,6,172,41,4.195121951
16499,2,360,4,4.186046512
15224,2,358,4,4.162790698
12967,2,358,13,4.162790698
17691,2,358,10,4.162790698
17997,8,74,17.8,4.157303371
14364,7,108,26,4.153846154
15939,14,89,22,4.045454545
13752,6,124,31.2,3.974358974
12840,4,143,36.2,3.950276243
12386,2,337,29,3.918604651
12829,2,336,24,3.906976744
15649,2,336,31,3.906976744
12793,2,334,37,3.88372093
17406,2,333,33,3.872093023
12601,5,189,49,3.857142857
18085,2,330,43,3.837209302
12868,6,185,48.4,3.82231405
16943,3,211,55.6,3.794964029
12872,2,326,39,3.790697674
14740,3,197,52,3.788461538
17890,2,322,39,3.744186047
16180,7,100,27,3.703703704
15213,2,318,11,3.697674419
15661,2,317,21,3.686046512
16146,3,157,42.6,3.685446009
13506,2,316,53,3.674418605
12735,2,315,22,3.662790698
12377,2,315,39,3.662790698
16553,6,163,44.8,3.638392857
16928,17,80,22,3.636363636
18095,2,312,20,3.627906977
14496,2,311,62,3.61627907
12559,2,310,9,3.604651163
17223,2,310,58,3.604651163
13925,3,92,25.8,3.565891473
17392,2,306,52,3.558139535
17358,2,303,52,3.523255814
15379,7,169,48,3.520833333
16405,2,302,8,3.511627907
14081,2,302,67,3.511627907
17334,2,302,6,3.511627907
13672,2,301,31,3.5
16897,2,299,14,3.476744186
15855,5,136,39.2,3.469387755
15777,3,241,69.6,3.462643678
16546,2,290,82,3.372093023
14231,3,183,54.6,3.351648352
15456,2,283,76,3.290697674
15108,4,141,43,3.279069767
13497,2,282,86,3.279069767
12755,2,280,85,3.255813953
15581,12,120,37,3.243243243
15704,3,140,43.2,3.240740741
12383,5,184,56.8,3.23943662
13493,2,275,12,3.197674419
15057,2,275,40,3.197674419
17837,8,42,13.2,3.181818182
17194,2,273,87,3.174418605
13133,2,273,31,3.174418605
14114,2,273,57,3.174418605
12414,3,217,68.4,3.17251462
13900,3,183,57.8,3.166089965
13261,2,268,17,3.11627907
17765,3,158,50.8,3.11023622
13707,2,267,48,3.104651163
16716,2,266,45,3.093023256
16402,2,264,105,3.069767442
17204,3,175,57.2,3.059440559
16427,2,263,21,3.058139535
16250,2,261,112,3.034883721
17507,2,261,48,3.034883721
18168,6,176,58.2,3.024054983
14256,2,260,104,3.023255814
17454,4,192,63.6,3.018867925
13452,2,259,11,3.011627907
15658,5,190,63.4,2.996845426
18071,2,257,108,2.988372093
15032,2,256,110,2.976744186
16692,2,256,33,2.976744186
13368,2,256,81,2.976744186
13649,2,256,110,2.976744186
16801,4,163,54.8,2.974452555
16980,2,255,36,2.965116279
15589,2,255,55,2.965116279
15353,2,254,113,2.953488372
13951,3,176,59.6,2.953020134
14479,2,253,112,2.941860465
15894,2,253,116,2.941860465
15759,3,218,74.8,2.914438503
14021,3,155,53.8,2.881040892
14220,2,247,111,2.872093023
13492,3,136,47.4,2.869198312
14758,4,144,50.2,2.868525896
12891,3,185,64.6,2.86377709
14465,2,246,56,2.860465116
13718,2,246,49,2.860465116
17035,2,245,66,2.848837209
17500,3,17,6,2.833333333
16552,2,242,131,2.813953488
14669,2,241,91,2.802325581
13221,2,240,119,2.790697674
16957,2,239,42,2.779069767
15139,2,239,97,2.779069767
15935,2,239,2,2.779069767
17362,2,239,70,2.779069767
15246,2,238,120,2.76744186
12582,2,238,50,2.76744186
17646,3,219,79.6,2.751256281
17523,3,11,4,2.75
12878,2,236,30,2.744186047
13447,3,23,8.4,2.738095238
15749,2,235,97,2.73255814
16217,2,235,47,2.73255814
12585,2,234,117,2.720930233
14672,2,234,102,2.720930233
14242,2,234,91,2.720930233
16029,39,38,14,2.714285714
15410,8,84,31,2.709677419
17946,2,233,26,2.709302326
12722,4,85,31.4,2.707006369
16010,3,245,90.6,2.70419426
16163,2,232,133,2.697674419
14770,2,232,91,2.697674419
14958,3,147,55.6,2.643884892
18183,2,227,47,2.639534884
17277,2,227,95,2.639534884
16698,2,226,27,2.627906977
15223,2,225,24,2.61627907
16634,2,222,150,2.581395349
14245,2,219,44,2.546511628
13731,2,219,27,2.546511628
14828,3,196,77.2,2.538860104
16714,2,218,99,2.534883721
16109,2,218,90,2.534883721
17374,2,218,63,2.534883721
16729,19,38,15,2.533333333
13952,2,217,21,2.523255814
17604,2,217,95,2.523255814
18078,2,217,42,2.523255814
14161,3,215,85.4,2.517564403
17337,4,151,60,2.516666667
15092,2,215,68,2.5
12888,2,214,41,2.488372093
17990,3,236,95.2,2.478991597
15381,2,213,55,2.476744186
15433,2,213,54,2.476744186
16431,2,213,84,2.476744186
15732,2,212,160,2.465116279
17889,2,212,110,2.465116279
16214,3,170,69,2.463768116
16696,4,135,54.8,2.46350365
16244,2,211,161,2.453488372
12625,2,211,108,2.453488372
13837,2,211,106,2.453488372
18218,2,211,70,2.453488372
17429,3,128,52.2,2.45210728
12857,2,210,92,2.441860465
14450,3,180,74.2,2.425876011
15813,2,207,32,2.406976744
14320,2,206,126,2.395348837
17472,3,191,79.8,2.393483709
14620,2,205,78,2.38372093
13659,2,205,115,2.38372093
13531,2,205,161,2.38372093
14442,2,204,112,2.372093023
12897,2,204,97,2.372093023
15648,2,204,63,2.372093023
14896,2,204,161,2.372093023
15724,2,201,83,2.337209302
14195,2,201,51,2.337209302
12947,6,143,61.2,2.336601307
13479,2,200,34,2.325581395
13223,2,200,32,2.325581395
14817,2,200,77,2.325581395
18202,2,199,112,2.313953488
16889,3,194,84.2,2.304038005
17203,3,35,15.2,2.302631579
14985,2,198,160,2.302325581
15882,2,198,170,2.302325581
14009,2,198,7,2.302325581
17061,9,73,31.8,2.295597484
15079,3,212,92.4,2.294372294
16838,2,197,91,2.290697674
16449,2,197,83,2.290697674
12547,2,197,83,2.290697674
17550,2,197,46,2.290697674
14625,2,196,165,2.279069767
15104,2,196,86,2.279069767
15644,3,166,73,2.273972603
14352,3,157,69.4,2.262247839
14403,4,130,57.6,2.256944444
16567,2,194,142,2.255813953
17152,2,194,69,2.255813953
13631,7,99,44,2.25
18190,2,192,138,2.23255814
14472,8,103,46.2,2.229437229
14377,2,191,71,2.220930233
15643,2,191,91,2.220930233
18037,6,154,69.4,2.219020173
15918,2,190,81,2.209302326
16230,2,189,31,2.197674419
13885,2,189,11,2.197674419
13294,2,189,60,2.197674419
12916,4,138,63,2.19047619
12468,2,187,129,2.174418605
14512,2,187,45,2.174418605
14682,2,187,14,2.174418605
16883,2,187,184,2.174418605
17708,2,187,137,2.174418605
15706,4,63,29,2.172413793
15852,2,186,11,2.162790698
17026,2,185,184,2.151162791
17707,2,185,151,2.151162791
17854,2,185,42,2.151162791
17409,2,184,64,2.139534884
13082,7,126,59,2.13559322
14501,2,183,136,2.127906977
13533,2,182,85,2.11627907
14823,2,180,14,2.093023256
17615,3,130,62.2,2.090032154
17795,2,179,85,2.081395349
14016,4,161,77.6,2.074742268
13476,2,178,103,2.069767442
15912,2,178,55,2.069767442
17749,2,178,78,2.069767442
12399,4,119,57.6,2.065972222
16342,4,75,36.4,2.06043956
16644,2,177,35,2.058139535
12908,2,176,136,2.046511628
14037,2,176,188,2.046511628
17446,2,176,134,2.046511628
16807,3,142,69.4,2.04610951
14461,3,148,72.4,2.044198895
14491,2,175,197,2.034883721
15535,3,173,85.4,2.025761124
14529,3,60,29.8,2.013422819
14162,2,173,119,2.011627907
13005,2,173,73,2.011627907
16805,2,173,187,2.011627907
16484,2,173,17,2.011627907
16320,2,172,41,2
17375,3,199,100.2,1.986027944
14998,2,170,71,1.976744186
14643,2,170,188,1.976744186
14656,2,169,114,1.965116279
13929,2,169,157,1.965116279
15384,2,169,190,1.965116279
16647,2,169,35,1.965116279
17630,2,169,63,1.965116279
15462,3,94,48,1.958333333
15665,2,168,75,1.953488372
15258,2,168,49,1.953488372
17704,2,168,71,1.953488372
14344,8,127,65.2,1.947852761
17457,5,126,64.8,1.944444444
15625,4,103,53.2,1.936090226
17969,2,166,195,1.930232558
16034,3,196,101.6,1.929133858
15245,3,134,69.8,1.919770774
15976,2,165,55,1.918604651
13453,2,165,124,1.918604651
12493,2,165,32,1.918604651
13037,3,138,72.2,1.911357341
14481,2,164,123,1.906976744
13656,2,164,173,1.906976744
15146,2,164,127,1.906976744
14592,3,35,18.4,1.902173913
17894,8,71,37.4,1.898395722
13720,4,116,61.2,1.895424837
16422,48,17,9,1.888888889
14267,2,162,98,1.88372093
14410,7,92,49,1.87755102
12669,3,150,80,1.875
14338,2,161,35,1.872093023
15483,2,161,105,1.872093023
17505,2,161,44,1.872093023
14305,3,71,38,1.868421053
15624,4,116,62.6,1.853035144
17105,2,159,147,1.848837209
17781,2,159,94,1.848837209
15349,2,158,29,1.837209302
14867,3,185,101,1.831683168
14905,2,157,76,1.825581395
13085,2,157,138,1.825581395
18142,2,157,58,1.825581395
16027,6,91,50,1.82
15889,2,156,213,1.813953488
13253,2,156,183,1.813953488
12450,2,156,17,1.813953488
14645,2,156,119,1.813953488
17440,2,156,91,1.813953488
17341,2,156,210,1.813953488
16266,6,73,40.4,1.806930693
15512,2,155,204,1.802325581
12643,5,128,71.2,1.797752809
17719,15,37,20.6,1.796116505
14264,2,154,91,1.790697674
13955,2,154,151,1.790697674
14104,2,154,11,1.790697674
15182,2,154,114,1.790697674
16091,2,154,44,1.790697674
16398,2,154,99,1.790697674
16955,4,184,104,1.769230769
15009,3,12,6.8,1.764705882
15780,3,183,103.8,1.76300578
13003,3,105,59.6,1.761744966
14837,4,89,50.6,1.758893281
15265,2,151,84,1.755813953
15045,2,151,106,1.755813953
15577,2,151,154,1.755813953
12717,2,151,94,1.755813953
13754,2,151,166,1.755813953
13675,2,151,133,1.755813953
16045,4,119,67.8,1.755162242
12693,4,127,72.4,1.754143646
14548,2,150,167,1.744186047
13420,2,149,21,1.73255814
18121,2,149,5,1.73255814
15491,5,95,55,1.727272727
14803,3,162,93.8,1.727078891
15505,5,52,30.2,1.721854305
15827,11,73,42.4,1.721698113
15402,2,148,48,1.720930233
14891,2,148,39,1.720930233
12653,2,148,148,1.720930233
12915,2,148,224,1.720930233
17259,2,148,220,1.720930233
13486,3,78,45.4,1.718061674
16806,4,103,60,1.716666667
12815,2,147,51,1.709302326
15095,3,103,60.8,1.694078947
18062,3,173,103,1.67961165
15812,5,107,63.8,1.677115987
16419,5,112,66.8,1.676646707
16859,2,144,117,1.674418605
13821,2,144,117,1.674418605
16520,3,186,111.4,1.669658887
15713,2,143,223,1.662790698
12875,2,143,219,1.662790698
12510,2,142,183,1.651162791
16172,4,95,57.6,1.649305556
16998,3,149,91,1.637362637
14407,6,107,65.4,1.636085627
18146,2,140,80,1.627906977
14462,9,66,40.6,1.625615764
14692,4,137,84.4,1.623222749
17616,3,173,106.6,1.622889306
15707,4,35,21.6,1.62037037
15716,4,145,89.6,1.618303571
16416,3,26,16.2,1.604938272
12763,2,138,231,1.604651163
17265,2,138,42,1.604651163
17935,2,138,3,1.604651163
12843,8,65,40.6,1.600985222
12710,3,96,60,1.6
14234,4,22,13.8,1.594202899
15260,6,100,63,1.587301587
16175,4,94,59.4,1.582491582
15938,5,112,71,1.577464789
13730,2,135,26,1.569767442
17179,3,178,114,1.561403509
17994,4,121,77.6,1.559278351
17931,2,134,121,1.558139535
18151,2,134,155,1.558139535
14002,2,134,22,1.558139535
18064,2,133,102,1.546511628
17926,2,133,70,1.546511628
15768,3,115,74.8,1.537433155
16774,4,67,43.8,1.529680365
13301,4,103,67.6,1.523668639
13722,2,131,151,1.523255814
17695,2,131,40,1.523255814
14463,3,98,64.6,1.517027864
16473,3,164,108.2,1.515711645
14163,4,87,57.8,1.505190311
16184,6,64,42.6,1.502347418
14133,2,129,186,1.5
17353,2,129,25,1.5
17961,35,21,14,1.5
17317,3,46,30.8,1.493506494
16049,3,40,26.8,1.492537313
16324,2,128,49,1.488372093
16835,2,128,245,1.488372093
14778,2,127,181,1.476744186
13791,2,127,41,1.476744186
13402,2,127,245,1.476744186
12685,6,28,19,1.473684211
17724,3,71,48.2,1.473029046
17731,3,79,53.8,1.468401487
17085,5,123,83.8,1.46778043
16209,5,88,60,1.466666667
17268,4,107,73,1.465753425
16092,3,114,77.8,1.46529563
17848,9,81,55.4,1.462093863
16370,4,82,56.2,1.459074733
14434,6,21,14.4,1.458333333
13027,6,113,78,1.448717949
13248,2,124,65,1.441860465
14331,2,124,11,1.441860465
14053,2,124,35,1.441860465
14745,4,112,77.8,1.439588689
17588,3,100,69.6,1.436781609
12593,3,108,75.4,1.432360743
15985,2,123,113,1.430232558
16788,2,123,131,1.430232558
13162,4,122,85.4,1.428571429
14210,6,105,73.6,1.426630435
12502,5,95,66.6,1.426426426
16654,4,141,99,1.424242424
18248,2,122,64,1.418604651
14854,7,78,55,1.418181818
18178,4,128,90.6,1.412803532
17370,4,72,51,1.411764706
14024,2,121,3,1.406976744
18008,8,70,49.8,1.40562249
17400,5,126,90,1.4
17050,6,96,68.6,1.39941691
13695,14,31,22.2,1.396396396
17692,4,127,91,1.395604396
14346,2,120,177,1.395348837
12879,3,44,31.6,1.392405063
16589,3,71,51,1.392156863
17045,3,113,81.4,1.388206388
14855,2,119,15,1.38372093
15689,2,119,242,1.38372093
13888,2,119,99,1.38372093
17642,2,119,57,1.38372093
14211,9,53,38.4,1.380208333
17787,4,152,110.4,1.376811594
14973,3,107,78.2,1.368286445
15201,4,87,64,1.359375
16098,7,87,64,1.359375
18232,4,81,59.6,1.359060403
17460,6,94,69.4,1.354466859
15241,8,66,48.8,1.352459016
12853,3,134,99.2,1.350806452
12758,2,116,160,1.348837209
13799,2,116,178,1.348837209
17252,2,116,70,1.348837209
18143,2,116,25,1.348837209
13911,9,57,42.4,1.344339623
14918,2,115,39,1.337209302
17398,3,114,85.8,1.328671329
15734,2,114,86,1.325581395
13655,2,114,127,1.325581395
14323,2,114,124,1.325581395
14500,3,88,66.4,1.325301205
13802,3,138,104.2,1.3243762
15646,3,157,118.6,1.323777403
15129,10,50,37.8,1.322751323
15232,2,113,27,1.313953488
17742,2,113,219,1.313953488
12412,3,74,56.8,1.302816901
13242,2,112,101,1.302325581
15400,5,92,71.2,1.292134831
13593,5,108,83.6,1.291866029
14385,3,9,7,1.285714286
13842,9,58,45.2,1.283185841
16112,4,143,111.6,1.281362007
17029,2,110,126,1.279069767
17585,4,109,85.8,1.27039627
15306,3,64,50.4,1.26984127
13933,2,109,39,1.26744186
14265,2,109,39,1.26744186
12363,2,109,133,1.26744186
12520,5,79,62.4,1.266025641
14541,7,58,46,1.260869565
14930,2,108,166,1.255813953
17242,2,108,72,1.255813953
18018,2,108,91,1.255813953
13552,8,66,52.6,1.254752852
17980,3,165,131.8,1.251896813
14177,3,86,69,1.246376812
18116,8,67,53.8,1.24535316
16550,5,108,86.8,1.244239631
14875,2,107,155,1.244186047
15800,2,107,139,1.244186047
12649,2,107,105,1.244186047
17256,2,107,205,1.244186047
16948,3,138,111.2,1.241007194
17560,5,94,75.8,1.240105541
15301,10,50,40.4,1.237623762
15122,3,114,92.4,1.233766234
17134,2,106,158,1.23255814
16309,2,106,134,1.23255814
12624,2,106,71,1.23255814
17189,2,106,253,1.23255814
18094,5,81,65.8,1.23100304
13873,3,119,97.4,1.221765914
16572,3,127,104,1.221153846
14224,4,110,91,1.208791209
14078,6,101,84.2,1.199524941
15574,3,177,147.6,1.199186992
14246,3,110,91.8,1.198257081
14038,3,78,65.4,1.19266055
17282,3,130,109.4,1.188299817
13869,4,123,103.8,1.184971098
15606,9,61,51.6,1.182170543
18226,11,44,37.4,1.176470588
17298,2,101,23,1.174418605
15797,4,113,96.6,1.169772257
15281,9,58,49.6,1.169354839
14239,11,43,36.8,1.168478261
17126,3,152,130.2,1.167434716
15596,5,100,85.8,1.165501166
16780,2,100,159,1.162790698
16083,2,100,260,1.162790698
16556,7,66,57,1.157894737
16681,6,72,62.2,1.15755627
16808,2,99,175,1.151162791
15829,2,99,41,1.151162791
13470,2,99,16,1.151162791
15874,6,63,54.8,1.149635036
13414,3,133,116,1.146551724
15140,6,52,45.4,1.145374449
17591,7,73,64,1.140625
18087,2,98,192,1.139534884
16843,12,42,37,1.135135135
12455,6,73,64.4,1.133540373
17774,4,96,84.8,1.132075472
12507,3,134,118.6,1.129848229
13812,3,42,37.2,1.129032258
15133,3,127,112.8,1.125886525
16872,3,77,68.8,1.119186047
13548,2,96,147,1.11627907
17229,2,96,46,1.11627907
14040,11,40,36,1.111111111
15719,13,32,28.8,1.111111111
13376,3,99,89.4,1.10738255
15249,12,31,28,1.107142857
15364,2,95,159,1.104651163
13192,2,95,110,1.104651163
12616,2,95,202,1.104651163
12816,2,95,81,1.104651163
13931,2,95,185,1.104651163
13744,2,95,197,1.104651163
18196,2,95,195,1.104651163
17965,13,37,33.6,1.101190476
15801,3,46,42,1.095238095
17897,3,172,157.2,1.094147583
17339,2,94,271,1.093023256
12461,2,94,60,1.093023256
13122,2,94,146,1.093023256
17819,7,71,65,1.092307692
14101,6,73,67.4,1.083086053
15071,2,93,182,1.081395349
16828,2,93,19,1.081395349
16164,3,17,15.8,1.075949367
13134,4,85,79.2,1.073232323
12592,2,92,121,1.069767442
13814,2,92,45,1.069767442
16031,2,92,155,1.069767442
15198,2,92,32,1.069767442
15653,2,92,23,1.069767442
15518,7,64,60,1.066666667
16079,3,16,15,1.066666667
16755,3,114,107.4,1.061452514
16723,2,91,16,1.058139535
14915,2,91,186,1.058139535
14628,2,91,151,1.058139535
12535,2,91,95,1.058139535
13489,4,105,100,1.05
17940,9,49,46.8,1.047008547
12637,7,67,64,1.046875
15996,6,88,84.4,1.042654028
14776,9,51,49,1.040816327
15636,2,89,193,1.034883721
16384,2,89,174,1.034883721
12635,2,89,65,1.034883721
14127,3,122,118,1.033898305
16362,3,32,31,1.032258065
14852,5,58,56.4,1.028368794
18173,4,86,83.8,1.026252983
14221,7,42,41,1.024390244
15764,4,88,86,1.023255814
15980,2,88,166,1.023255814
16984,2,88,42,1.023255814
16456,5,99,97,1.020618557
13908,4,79,77.6,1.018041237
18059,3,23,22.6,1.017699115
16317,3,119,117.2,1.015358362
14561,3,75,74,1.013513514
16036,2,87,176,1.011627907
16229,2,87,125,1.011627907
16906,4,81,80.2,1.009975062
13220,4,78,77.8,1.002570694
12352,7,36,36,1
14660,2,86,14,1
14844,4,63,63,1
15005,28,15,15,1
15128,4,60,60,1
17483,3,65,65,1
14006,3,115,115,1
13505,4,72,72.4,0.994475138
16951,3,134,134.8,0.994065282
16475,4,88,88.6,0.993227991
14013,3,110,111,0.990990991
13813,4,39,39.4,0.989847716
17047,2,85,120,0.988372093
15205,2,85,42,0.988372093
17594,2,85,169,0.988372093
17786,2,85,232,0.988372093
17898,2,85,122,0.988372093
14513,3,100,101.2,0.988142292
17388,4,77,78.4,0.982142857
17669,7,42,43,0.976744186
13563,2,84,56,0.976744186
12434,2,84,176,0.976744186
12871,2,84,123,0.976744186
16573,2,84,206,0.976744186
14235,4,75,76.8,0.9765625
13240,4,96,98.4,0.975609756
15810,4,78,80.8,0.965346535
15674,5,73,75.8,0.963060686
16709,4,84,87.4,0.961098398
18204,3,71,74,0.959459459
14800,12,47,49,0.959183673
13425,3,108,112.8,0.957446809
14307,5,88,93,0.946236559
14276,3,98,103.6,0.945945946
12409,3,78,82.6,0.944309927
13901,5,72,76.4,0.942408377
12379,2,81,89,0.941860465
14934,2,81,201,0.941860465
16080,2,81,193,0.941860465
16170,6,50,53.2,0.939849624
16503,4,106,112.8,0.939716312
14004,7,43,46,0.934782609
14223,3,92,98.6,0.93306288
13725,8,49,52.6,0.931558935
14236,2,80,292,0.930232558
13515,4,72,77.4,0.930232558
16584,2,80,174,0.930232558
16624,2,80,117,0.930232558
16777,2,80,177,0.930232558
14808,6,39,42,0.928571429
14019,3,46,49.6,0.927419355
16477,7,63,68,0.926470588
15673,4,88,95,0.926315789
17869,4,107,116.4,0.919243986
14356,2,79,2,0.918604651
12435,2,79,188,0.918604651
12604,2,79,182,0.918604651
12701,2,79,163,0.918604651
17502,4,9,9.8,0.918367347
15002,4,115,125.4,0.917065391
15220,6,51,56,0.910714286
12924,4,88,96.8,0.909090909
13827,3,57,62.8,0.907643312
13529,2,78,126,0.906976744
14147,2,78,207,0.906976744
12930,2,78,93,0.906976744
13055,2,78,135,0.906976744
12739,2,78,21,0.906976744
15067,2,78,204,0.906976744
17311,2,78,238,0.906976744
14360,3,31,34.2,0.906432749
14810,11,40,44.2,0.904977376
13491,10,51,56.4,0.904255319
12823,5,74,82.6,0.895883777
12516,2,77,103,0.895348837
18189,2,77,190,0.895348837
14460,3,110,123.4,0.891410049
12942,3,131,147.6,0.887533875
16816,4,103,116.8,0.881849315
16837,9,31,35.2,0.880681818
17284,6,60,68.2,0.879765396
17377,20,23,26.2,0.877862595
13136,4,56,64,0.875
14680,16,25,28.6,0.874125874
14152,2,75,159,0.872093023
13787,2,75,289,0.872093023
12545,2,75,184,0.872093023
16689,2,75,7,0.872093023
15366,2,75,283,0.872093023
16187,11,31,35.6,0.870786517
13517,3,59,67.8,0.87020649
14201,7,60,69,0.869565217
13993,9,42,48.6,0.864197531
12939,6,64,74.2,0.862533693
13434,2,74,22,0.860465116
13233,2,74,262,0.860465116
14473,2,74,208,0.860465116
16383,2,74,194,0.860465116
16603,2,74,17,0.860465116
16778,2,74,200,0.860465116
15626,2,74,255,0.860465116
17674,2,74,294,0.860465116
16182,4,72,83.8,0.859188544
13213,4,56,65.2,0.858895706
17865,16,30,35,0.857142857
13320,3,78,91.2,0.855263158
15036,3,72,84.4,0.853080569
15815,5,63,74,0.851351351
15814,3,16,18.8,0.85106383
13562,3,81,95.2,0.850840336
13555,2,73,128,0.848837209
14272,2,73,181,0.848837209
12987,2,73,124,0.848837209
13035,2,73,187,0.848837209
13016,2,73,50,0.848837209
16629,2,73,23,0.848837209
17788,2,73,56,0.848837209
15641,4,105,123.8,0.848142165
16880,6,30,35.4,0.847457627
16249,5,52,61.6,0.844155844
13538,7,43,51,0.843137255
13564,3,144,170.8,0.843091335
17633,4,31,36.8,0.842391304
13158,4,94,112.2,0.837789661
13321,2,72,14,0.837209302
16690,2,72,129,0.837209302
14947,2,72,58,0.837209302
17783,2,72,175,0.837209302
17950,2,72,293,0.837209302
18265,2,72,86,0.837209302
14607,7,15,18,0.833333333
16102,3,42,50.8,0.826771654
17873,5,80,96.8,0.826446281
15030,2,71,197,0.825581395
14681,2,71,140,0.825581395
12458,2,71,213,0.825581395
17048,3,117,141.8,0.825105783
17214,6,60,72.8,0.824175824
15039,42,9,11,0.818181818
15993,5,8,9.8,0.816326531
13397,5,72,88.2,0.816326531
12822,2,70,17,0.813953488
12842,2,70,238,0.813953488
12694,2,70,113,0.813953488
14164,2,70,10,0.813953488
13972,2,70,131,0.813953488
15321,2,70,221,0.813953488
17376,2,70,241,0.813953488
15513,15,33,40.6,0.812807882
18235,3,71,87.4,0.812356979
17722,4,96,118.2,0.812182741
15304,8,60,74,0.810810811
16652,5,58,71.8,0.807799443
15114,10,30,37.4,0.802139037
17653,4,36,45,0.8
17863,6,59,73.8,0.799457995
16478,3,25,31.4,0.796178344
14952,8,59,74.2,0.795148248
18093,4,93,117,0.794871795
15569,4,103,129.8,0.793528505
17589,4,60,75.8,0.791556728
17058,3,81,102.4,0.791015625
16667,2,68,216,0.790697674
16693,2,68,203,0.790697674
15579,2,68,245,0.790697674
16316,7,64,81,0.790123457
16927,3,115,145.8,0.788751715
14387,3,32,40.6,0.78817734
17024,3,45,57.2,0.786713287
15465,18,19,24.2,0.785123967
12830,5,37,47.4,0.780590717
14818,3,73,93.6,0.77991453
13208,6,58,74.4,0.779569892
12415,16,24,30.8,0.779220779
12886,2,67,152,0.779069767
13431,2,67,21,0.779069767
13344,2,67,210,0.779069767
14193,2,67,202,0.779069767
14651,2,67,144,0.779069767
14644,2,67,231,0.779069767
16441,2,67,224,0.779069767
16842,3,100,128.6,0.777604977
13186,3,39,50.2,0.77689243
15192,3,119,153.6,0.774739583
15756,4,61,79,0.772151899
15339,2,66,252,0.76744186
16374,2,66,196,0.76744186
16253,2,66,189,0.76744186
13792,2,66,221,0.76744186
13662,3,85,111,0.765765766
13280,3,122,159.4,0.765370138
13520,6,58,75.8,0.765171504
17612,6,53,69.4,0.763688761
17027,5,78,102.2,0.763209393
13141,4,84,110.4,0.760869565
16460,3,28,37,0.756756757
16160,2,65,20,0.755813953
16140,2,65,306,0.755813953
15757,2,65,152,0.755813953
15762,2,65,12,0.755813953
15244,2,65,183,0.755813953
13989,2,65,174,0.755813953
14389,2,65,125,0.755813953
14396,2,65,306,0.755813953
12779,8,37,49,0.755102041
16493,4,79,104.8,0.753816794
13038,3,80,106.2,0.753295669
15125,10,25,33.2,0.753012048
13330,3,92,122.6,0.75040783
14107,7,51,68,0.75
15696,8,33,44.2,0.746606335
15315,2,64,52,0.744186047
14819,2,64,128,0.744186047
14538,2,64,192,0.744186047
13023,2,64,65,0.744186047
13049,2,64,254,0.744186047
17320,3,100,135.2,0.73964497
12678,9,42,56.8,0.73943662
13000,3,106,143.4,0.739191074
14978,5,72,97.6,0.737704918
13741,3,71,96.4,0.736514523
14067,2,63,33,0.73255814
14029,2,63,81,0.73255814
13169,2,63,189,0.73255814
13276,2,63,36,0.73255814
12781,2,63,221,0.73255814
12885,2,63,60,0.73255814
12394,2,63,154,0.73255814
12492,2,63,42,0.73255814
16354,2,63,10,0.73255814
17564,3,24,32.8,0.731707317
14565,4,95,130.4,0.728527607
15416,4,64,88.2,0.725623583
17083,3,109,150.4,0.724734043
14409,5,71,98.2,0.723014257
18257,7,39,54,0.722222222
17146,3,105,145.4,0.722145805
13334,3,82,113.6,0.721830986
14609,4,72,99.8,0.721442886
14880,3,77,107,0.719626168
14257,5,64,89,0.719101124
17667,4,66,91.8,0.718954248
16258,5,45,62.8,0.71656051
17002,3,85,119,0.714285714
15521,6,40,56,0.714285714
13748,4,95,133,0.714285714
13946,3,79,110.8,0.71299639
16059,6,65,91.2,0.712719298
17892,3,56,78.6,0.712468193
16706,3,37,52,0.711538462
16518,2,61,223,0.709302326
13524,5,40,56.4,0.709219858
13851,3,95,134.6,0.705794948
15675,3,81,114.8,0.705574913
13265,5,53,75.2,0.704787234
14970,4,68,96.6,0.703933747
12712,13,28,39.8,0.703517588
12431,14,35,49.8,0.702811245
18242,3,72,102.6,0.701754386
16686,7,47,67,0.701492537
13384,6,30,42.8,0.700934579
17690,14,30,42.8,0.700934579
14543,15,28,40,0.7
13875,5,53,75.8,0.699208443
12633,4,58,83,0.698795181
13224,2,60,91,0.697674419
13473,2,60,272,0.697674419
14128,2,60,195,0.697674419
13666,2,60,227,0.697674419
14451,2,60,134,0.697674419
17025,2,60,313,0.697674419
15211,2,60,305,0.697674419
17462,2,60,224,0.697674419
15974,7,39,56,0.696428571
18171,5,58,83.6,0.693779904
14710,4,14,20.2,0.693069307
13983,10,29,42,0.69047619
17527,4,53,77,0.688311688
13919,2,59,62,0.686046512
13283,2,59,126,0.686046512
13109,2,59,98,0.686046512
14857,2,59,89,0.686046512
16861,2,59,99,0.686046512
12594,9,37,54,0.685185185
16019,9,46,67.2,0.68452381
13249,3,92,134.6,0.683506686
12422,3,95,139.4,0.681492109
14836,3,10,14.8,0.675675676
15440,3,54,80,0.675
15840,2,58,114,0.674418605
14761,2,58,276,0.674418605
17489,2,58,154,0.674418605
17190,2,58,149,0.674418605
17913,2,58,297,0.674418605
15730,3,65,96.6,0.672877847
13018,20,16,23.8,0.672268908
14976,5,57,84.8,0.672169811
16515,5,52,77.4,0.671834625
12836,4,59,88,0.670454545
16462,3,73,109.2,0.668498168
15356,10,31,46.4,0.668103448
14959,4,64,96,0.666666667
14533,7,24,36,0.666666667
17921,4,64,96,0.666666667
17813,5,14,21,0.666666667
17634,9,36,54,0.666666667
13092,5,70,105.6,0.662878788
17193,5,35,52.8,0.662878788
18160,2,57,143,0.662790698
12876,2,57,139,0.662790698
14555,2,57,245,0.662790698
14624,2,57,2,0.662790698
14421,2,57,154,0.662790698
13930,2,57,79,0.662790698
15272,2,57,29,0.662790698
16121,2,57,158,0.662790698
17181,2,57,316,0.662790698
17169,2,57,126,0.662790698
15296,6,50,75.6,0.661375661
17800,9,37,56,0.660714286
15228,4,66,100.2,0.658682635
13097,9,32,48.6,0.658436214
14712,3,29,44.2,0.656108597
16750,5,44,67.2,0.654761905
16394,5,56,85.8,0.652680653
14156,43,9,13.8,0.652173913
14567,2,56,74,0.651162791
16239,2,56,133,0.651162791
14937,2,56,74,0.651162791
15826,2,56,154,0.651162791
17771,2,56,267,0.651162791
18228,2,56,23,0.651162791
18155,3,75,115.8,0.647668394
13871,12,22,34,0.647058824
15834,3,70,108.6,0.644567219
17512,10,28,43.6,0.642201835
15299,4,67,105,0.638095238
16735,4,78,122.6,0.636215334
12540,17,19,30,0.633333333
16131,4,51,80.8,0.631188119
12360,3,52,82.4,0.631067961
16086,5,59,93.6,0.63034188
16674,2,54,44,0.627906977
14780,2,54,25,0.627906977
15545,2,54,317,0.627906977
13034,2,54,315,0.627906977
12940,2,54,33,0.627906977
13760,2,54,202,0.627906977
12523,11,19,30.4,0.625
17573,3,29,46.4,0.625
13865,4,58,93,0.623655914
15181,3,66,106,0.622641509
13629,11,23,37,0.621621622
18017,3,81,130.4,0.621165644
14116,5,19,30.6,0.620915033
12626,9,23,37.2,0.61827957
16533,3,19,30.8,0.616883117
13539,3,85,137.8,0.616835994
12794,2,53,45,0.61627907
15012,2,53,320,0.61627907
12609,3,78,127.2,0.613207547
16224,4,57,93,0.612903226
15819,4,49,80,0.6125
14273,4,51,83.4,0.611510791
17651,9,11,18,0.611111111
14738,7,42,69,0.608695652
16814,21,14,23,0.608695652
16348,6,32,52.6,0.608365019
12463,4,53,87.2,0.607798165
17033,3,86,141.6,0.607344633
12708,10,29,47.8,0.606694561
14475,3,71,117.4,0.604770017
13805,2,52,77,0.604651163
13032,2,52,35,0.604651163
16734,2,52,62,0.604651163
17679,2,52,33,0.604651163
17613,11,22,36.4,0.604395604
17442,6,36,59.6,0.604026846
15062,4,71,117.6,0.603741497
12407,5,49,81.4,0.601965602
16621,4,51,84.8,0.601415094
15738,15,18,30,0.6
15059,7,40,67,0.597014925
13549,7,25,42,0.595238095
16173,6,15,25.2,0.595238095
12610,5,22,37,0.594594595
15473,4,14,23.6,0.593220339
12596,2,51,191,0.593023256
13849,2,51,119,0.593023256
14306,2,51,34,0.593023256
17934,2,51,7,0.593023256
13481,4,45,76,0.592105263
15026,3,80,135.4,0.59084195
16455,6,63,106.8,0.58988764
16945,13,21,35.8,0.586592179
13124,3,89,151.8,0.58629776
15312,4,75,128.2,0.585023401
13405,3,74,126.6,0.584518167
16656,15,22,37.8,0.582010582
15121,2,50,238,0.581395349
15469,2,50,70,0.581395349
15565,2,50,20,0.581395349
15807,2,50,27,0.581395349
12556,2,50,101,0.581395349
14427,2,50,13,0.581395349
14261,2,50,28,0.581395349
14495,2,50,71,0.581395349
13573,2,50,203,0.581395349
13669,2,50,99,0.581395349
13761,2,50,129,0.581395349
17764,2,50,161,0.581395349
18252,2,50,121,0.581395349
17672,2,50,259,0.581395349
17652,12,25,43,0.581395349
18130,3,15,25.8,0.581395349
14944,7,29,50,0.58
16007,4,47,81.2,0.578817734
13654,5,43,74.4,0.577956989
16040,3,65,112.6,0.577264654
14045,3,109,189.6,0.574894515
12856,6,7,12.2,0.573770492
14849,13,21,36.6,0.573770492
14997,3,46,80.4,0.572139303
15351,7,12,21,0.571428571
15370,7,40,70,0.571428571
16839,32,8,14,0.571428571
14096,17,4,7,0.571428571
14315,6,44,77,0.571428571
18236,6,29,50.8,0.570866142
17340,8,29,50.8,0.570866142
13917,2,49,142,0.569767442
13918,2,49,204,0.569767442
16099,3,50,87.8,0.569476082
12348,4,75,131.8,0.569044006
15044,15,19,33.4,0.568862275
12679,4,58,102,0.568627451
12931,12,21,37,0.567567568
12474,17,17,30,0.566666667
14057,14,23,40.6,0.566502463
15841,4,72,127.2,0.566037736
15618,3,32,56.8,0.563380282
14077,5,40,71,0.563380282
13247,4,17,30.2,0.562913907
17734,3,53,94.2,0.562632696
17372,8,40,71.2,0.561797753
14232,5,42,75,0.56
12744,6,51,91.2,0.559210526
13617,3,40,71.8,0.557103064
15022,3,11,19.8,0.555555556
12674,4,38,68.6,0.55393586
18081,3,36,65,0.553846154
16767,8,30,54.2,0.553505535
13450,6,26,47,0.553191489
16551,3,95,171.8,0.552968568
16081,5,56,101.6,0.551181102
13728,6,36,65.4,0.550458716
12530,4,59,107.2,0.550373134
14916,4,70,127.4,0.549450549
16875,4,67,122,0.549180328
14587,9,18,32.8,0.548780488
12372,3,71,129.6,0.547839506
15622,5,43,78.6,0.547073791
16924,3,21,38.4,0.546875
12600,10,28,51.2,0.546875
14535,3,60,110.2,0.54446461
13771,3,64,117.6,0.544217687
12728,4,71,130.8,0.542813456
17703,3,35,65,0.538461538
15549,3,77,143.2,0.537709497
16186,10,22,41,0.536585366
12854,3,78,145.8,0.534979424
12546,2,46,31,0.534883721
13165,2,46,305,0.534883721
17004,2,46,46,0.534883721
17186,2,46,14,0.534883721
15786,2,46,68,0.534883721
15068,2,46,210,0.534883721
15215,2,46,50,0.534883721
17423,2,46,171,0.534883721
13140,3,108,202.2,0.534124629
15885,3,92,173,0.531791908
13611,3,89,167.4,0.531660693
15799,3,75,141.2,0.531161473
17071,8,28,52.8,0.53030303
14841,6,53,100,0.53
16444,4,46,87.4,0.526315789
14180,24,10,19,0.526315789
13373,3,60,114,0.526315789
12393,4,72,137.4,0.524017467
16466,7,33,63,0.523809524
15630,2,45,159,0.523255814
13601,2,45,166,0.523255814
17928,2,45,201,0.523255814
18147,2,45,63,0.523255814
13317,4,66,126.8,0.520504732
13644,4,16,30.8,0.519480519
14312,6,46,88.6,0.519187359
15240,5,44,84.8,0.518867925
13750,5,53,102.2,0.518590998
15199,4,59,113.8,0.518453427
13848,3,92,177.8,0.517435321
15839,3,33,63.8,0.517241379
16395,5,60,116,0.517241379
15860,8,40,77.4,0.516795866
17572,4,71,137.4,0.516739447
17073,4,17,33,0.515151515
15608,3,28,54.4,0.514705882
13591,3,64,124.4,0.514469453
16206,4,54,105,0.514285714
13327,7,38,74,0.513513514
14145,4,46,89.6,0.513392857
17648,3,60,117,0.512820513
14379,2,44,251,0.511627907
14690,2,44,107,0.511627907
12371,2,44,15,0.511627907
16208,2,44,245,0.511627907
15990,2,44,243,0.511627907
16454,2,44,20,0.511627907
15516,2,44,2,0.511627907
15821,2,44,17,0.511627907
14754,2,44,251,0.511627907
13340,5,45,88.4,0.509049774
15971,11,17,33.4,0.508982036
12901,23,8,15.8,0.506329114
13157,4,49,96.8,0.506198347
16153,5,49,96.8,0.506198347
12640,3,23,45.8,0.502183406
13015,4,53,105.6,0.501893939
13178,11,26,52,0.5
13416,2,43,38,0.5
12536,2,43,16,0.5
16722,13,17,34,0.5
15791,2,43,161,0.5
14716,2,43,105,0.5
15014,2,43,133,0.5
17414,2,43,141,0.5
17459,2,43,17,0.5
18261,2,43,52,0.5
15048,4,65,130.4,0.498466258
13047,8,31,62.2,0.498392283
12444,5,21,42.2,0.497630332
14554,4,10,20.2,0.495049505
16122,4,73,147.6,0.494579946
13627,5,59,119.4,0.494137353
12642,3,25,50.6,0.494071146
18177,6,31,62.8,0.493630573
16389,4,53,107.4,0.493482309
15164,3,68,138.2,0.492040521
15669,4,40,81.4,0.491400491
13588,9,15,30.6,0.490196078
17164,5,32,65.4,0.489296636
15933,3,21,43,0.488372093
14412,2,42,30,0.488372093
12895,2,42,44,0.488372093
17418,2,42,281,0.488372093
14341,5,45,92.2,0.488069414
16497,5,49,100.6,0.487077535
12681,20,14,28.8,0.486111111
16770,5,57,117.8,0.483870968
16332,7,28,58,0.482758621
12726,7,28,58,0.482758621
16918,5,49,101.6,0.482283465
17725,11,16,33.2,0.481927711
15038,6,58,120.4,0.481727575
17068,21,12,25,0.48
17086,6,7,14.6,0.479452055
18061,10,21,44,0.477272727
16188,4,44,92.2,0.477223427
15291,15,25,52.4,0.477099237
15708,7,40,84,0.476190476
18118,26,10,21,0.476190476
13268,10,17,35.8,0.474860335
17802,3,82,173.2,0.473441109
16203,4,58,122.6,0.473083197
17790,12,26,55,0.472727273
17220,10,24,50.8,0.472440945
17663,7,25,53,0.471698113
16168,25,10,21.2,0.471698113
17092,4,50,106.2,0.470809793
14733,12,16,34,0.470588235
12517,4,28,59.6,0.469798658
17905,4,71,151.6,0.468337731
13381,6,31,66.2,0.468277946
14359,3,19,40.6,0.467980296
15329,3,39,83.4,0.467625899
15150,10,17,36.4,0.467032967
15478,2,40,16,0.465116279
17018,2,40,285,0.465116279
14179,2,40,12,0.465116279
13566,2,40,42,0.465116279
13421,2,40,250,0.465116279
17255,2,40,259,0.465116279
17447,2,40,31,0.465116279
13717,6,32,68.8,0.465116279
17777,3,24,51.8,0.463320463
12576,5,35,75.8,0.461741425
13804,6,30,65,0.461538462
13477,6,37,80.2,0.461346633
15411,4,26,56.4,0.460992908
16488,3,33,71.6,0.460893855
16728,4,46,100,0.46
12500,10,23,50,0.46
16066,5,16,34.8,0.459770115
12527,3,81,176.6,0.458663647
12647,11,22,48,0.458333333
13324,6,36,78.8,0.456852792
13895,4,28,61.4,0.456026059
12613,3,57,125,0.456
16232,3,43,94.4,0.455508475
12359,4,57,125.6,0.453821656
12571,2,39,82,0.453488372
12522,2,39,12,0.453488372
13544,2,39,201,0.453488372
16018,2,39,141,0.453488372
16836,2,39,77,0.453488372
16841,6,36,79.4,0.453400504
18075,10,23,51,0.450980392
13575,5,23,51,0.450980392
14383,3,38,84.4,0.450236967
18136,3,63,140,0.45
18241,17,9,20,0.45
14623,5,32,71.2,0.449438202
13637,3,52,115.8,0.449050086
12759,3,52,116,0.448275862
17160,6,31,69.2,0.447976879
13461,3,38,85,0.447058824
16900,3,16,35.8,0.446927374
14188,6,30,67.2,0.446428571
16969,3,39,87.4,0.446224256
16434,7,29,65,0.446153846
17107,5,33,74,0.445945946
15529,11,22,49.4,0.44534413
15555,16,12,27,0.444444444
13959,3,79,177.8,0.44431946
14676,6,31,69.8,0.444126074
14514,3,61,138,0.442028986
13726,2,38,62,0.441860465
13292,2,38,246,0.441860465
15847,2,38,250,0.441860465
14995,2,38,242,0.441860465
17166,2,38,165,0.441860465
16825,2,38,147,0.441860465
18270,2,38,228,0.441860465
17733,2,38,223,0.441860465
14665,4,60,135.8,0.441826215
16409,5,36,81.8,0.4400978
15805,13,23,52.4,0.438931298
16012,3,35,79.8,0.438596491
16325,3,46,105.2,0.437262357
12909,4,39,89.2,0.437219731
17696,7,38,87,0.436781609
17702,4,30,68.8,0.436046512
16940,3,52,119.4,0.435510888
12721,6,31,71.2,0.435393258
17716,9,22,50.8,0.433070866
17470,5,44,101.6,0.433070866
17416,7,29,67,0.432835821
12731,11,23,53.4,0.43071161
13904,2,37,257,0.430232558
16747,2,37,30,0.430232558
16367,2,37,325,0.430232558
17999,2,37,329,0.430232558
16882,3,66,154,0.428571429
16923,17,12,28,0.428571429
14432,6,9,21,0.428571429
13094,12,21,49,0.428571429
12757,9,15,35,0.428571429
15058,8,25,58.4,0.428082192
15981,8,24,56.2,0.427046263
15656,4,45,105.4,0.426944972
18172,14,14,32.8,0.426829268
17571,4,50,117.2,0.42662116
15621,3,4,9.4,0.425531915
16225,4,44,103.4,0.425531915
16942,8,12,28.2,0.425531915
18079,3,45,105.8,0.425330813
16713,15,18,42.4,0.424528302
17930,5,35,82.6,0.423728814
14404,6,33,78,0.423076923
12413,3,66,156.2,0.422535211
14948,6,23,54.8,0.419708029
15955,10,24,57.2,0.41958042
18135,5,29,69.2,0.419075145
18205,2,36,38,0.418604651
15612,2,36,25,0.418604651
15651,2,36,224,0.418604651
14856,2,36,20,0.418604651
14815,2,36,31,0.418604651
15252,2,36,147,0.418604651
14636,2,36,232,0.418604651
13880,10,21,50.2,0.418326693
13700,8,26,62.4,0.416666667
17007,5,50,120.2,0.415973378
16531,7,22,53,0.41509434
17659,12,17,41,0.414634146
13379,3,26,62.8,0.414012739
13764,3,70,169.2,0.413711584
17162,6,28,67.8,0.412979351
17064,3,58,140.8,0.411931818
14936,5,33,80.2,0.411471322
12473,4,29,70.6,0.410764873
15752,7,39,95,0.410526316
18229,20,11,26.8,0.410447761
12709,15,15,36.6,0.409836066
12432,3,42,102.8,0.408560311
12619,9,16,39.2,0.408163265
15288,5,43,105.4,0.407969639
15952,4,33,81,0.407407407
14971,2,35,8,0.406976744
16555,2,35,74,0.406976744
12577,2,35,324,0.406976744
12397,2,35,100,0.406976744
12944,2,35,319,0.406976744
13651,2,35,4,0.406976744
14150,2,35,324,0.406976744
18035,2,35,8,0.406976744
17175,4,44,108.4,0.405904059
16638,10,22,54.2,0.405904059
14640,6,24,59.2,0.405405405
16818,11,10,24.8,0.403225806
14466,7,29,72,0.402777778
15376,3,40,99.4,0.402414487
15511,5,11,27.4,0.401459854
15421,3,58,144.6,0.401106501
12910,6,23,57.4,0.400696864
15105,5,18,45,0.4
15267,5,22,55,0.4
15809,5,36,90.4,0.398230088
14639,4,52,130.6,0.398162328
13148,7,29,73,0.397260274
14102,5,5,12.6,0.396825397
14175,3,59,148.8,0.396505376
15835,4,44,111,0.396396396
14842,4,43,108.6,0.395948435
16107,7,17,43,0.395348837
16791,6,29,73.4,0.395095368
18167,3,23,58.4,0.393835616
16308,4,37,94,0.393617021
17557,3,14,35.6,0.393258427
16744,7,11,28,0.392857143
15806,3,46,117.4,0.391822828
15152,13,9,23,0.391304348
12408,4,32,81.8,0.391198044
13316,4,37,94.6,0.391120507
16470,4,51,130.4,0.391104294
17562,7,14,36,0.388888889
13824,5,32,82.6,0.387409201
14443,4,53,137.2,0.386297376
12395,11,19,49.2,0.386178862
14547,8,3,7.8,0.384615385
14517,2,33,108,0.38372093
13759,2,33,38,0.38372093
12838,2,33,340,0.38372093
13365,2,33,184,0.38372093
16243,2,33,21,0.38372093
17082,2,33,285,0.38372093
15427,2,33,14,0.38372093
18041,20,11,28.8,0.381944444
14866,11,10,26.2,0.381679389
17069,8,28,73.4,0.38147139
15998,5,36,94.6,0.380549683
12456,3,44,115.8,0.379965458
16321,3,72,190,0.378947368
12949,5,30,79.2,0.378787879
16205,4,30,79.2,0.378787879
13050,17,14,37,0.378378378
18221,5,22,58.2,0.378006873
14099,11,16,42.4,0.377358491
12867,7,26,69,0.376811594
17287,7,26,69,0.376811594
16418,3,44,116.8,0.376712329
12599,7,29,77,0.376623377
14504,4,47,125.2,0.375399361
16235,5,40,106.6,0.375234522
17361,3,49,130.6,0.375191424
12971,71,3,8,0.375
15722,4,35,93.4,0.374732334
14227,6,26,69.4,0.374639769
13643,3,31,83,0.373493976
16912,6,28,75,0.373333333
13487,3,57,152.8,0.373036649
17966,4,37,99.2,0.372983871
16607,14,17,45.6,0.372807018
16053,2,32,90,0.372093023
15522,2,32,55,0.372093023
15330,2,32,28,0.372093023
12832,2,32,66,0.372093023
17430,2,32,333,0.372093023
14088,12,10,27,0.37037037
16637,4,32,86.4,0.37037037
12472,7,32,87,0.367816092
14731,3,47,127.8,0.367762128
16157,3,15,40.8,0.367647059
14498,5,42,114.4,0.367132867
13854,25,8,21.8,0.366972477
15533,3,19,51.8,0.366795367
14524,6,31,84.6,0.36643026
12936,3,17,46.4,0.36637931
14765,3,29,79.2,0.366161616
14709,12,15,41,0.365853659
16628,5,29,79.4,0.365239295
15865,3,40,109.6,0.364963504
15367,3,57,156.4,0.364450128
14298,25,8,22,0.363636364
15065,4,37,101.8,0.36345776
15089,6,10,27.6,0.362318841
13200,4,19,52.6,0.36121673
16136,3,59,163.6,0.360635697
16284,2,31,19,0.360465116
16863,2,31,335,0.360465116
15103,2,31,55,0.360465116
15406,2,31,270,0.360465116
15573,2,31,54,0.360465116
15763,2,31,46,0.360465116
13329,2,31,335,0.360465116
13272,2,31,58,0.360465116
12849,2,31,237,0.360465116
14050,2,31,75,0.360465116
17637,2,31,84,0.360465116
17964,2,31,341,0.360465116
16593,3,50,138.8,0.360230548
16361,4,9,25,0.36
13576,18,10,27.8,0.35971223
14667,23,10,27.8,0.35971223
15584,4,23,64,0.359375
17272,4,42,117,0.358974359
14159,11,19,53,0.358490566
14233,4,49,136.8,0.358187135
14530,6,25,69.8,0.358166189
13527,6,33,92.2,0.35791757
15754,3,51,142.8,0.357142857
18287,3,42,117.6,0.357142857
16150,5,42,118,0.355932203
12676,6,24,67.6,0.355029586
13488,12,17,48,0.354166667
12484,6,32,90.4,0.353982301
17262,4,52,147,0.353741497
13571,12,12,34,0.352941176
15620,3,56,158.8,0.352644836
13975,5,31,88,0.352272727
13437,7,14,40,0.35
16023,3,46,131.6,0.349544073
16041,2,30,111,0.348837209
14921,2,30,171,0.348837209
13046,2,30,236,0.348837209
14108,2,30,71,0.348837209
14691,4,30,86,0.348837209
14240,2,30,195,0.348837209
14284,2,30,56,0.348837209
17975,13,15,43,0.348837209
18149,3,50,143.6,0.348189415
12948,7,16,46,0.347826087
13636,5,36,103.6,0.347490347
17213,6,40,115.2,0.347222222
15203,6,25,72.2,0.346260388
17139,9,15,43.4,0.34562212
16743,6,29,84,0.345238095
14711,11,10,29,0.344827586
14798,3,52,151.2,0.343915344
13266,12,11,32,0.34375
15238,3,29,84.4,0.343601896
17180,3,56,163,0.343558282
13862,8,18,52.4,0.34351145
15571,4,11,32.2,0.341614907
13184,9,14,41,0.341463415
15587,4,50,146.6,0.34106412
16295,4,9,26.4,0.340909091
15113,3,9,26.4,0.340909091
12449,4,22,64.6,0.340557276
13429,4,10,29.4,0.340136054
13940,4,17,50,0.34
13110,6,31,91.2,0.339912281
14167,4,39,114.8,0.339721254
13817,2,29,322,0.337209302
12981,2,29,104,0.337209302
13460,2,29,20,0.337209302
13396,2,29,290,0.337209302
12844,2,29,101,0.337209302
15184,2,29,161,0.337209302
15355,2,29,24,0.337209302
17537,2,29,274,0.337209302
18217,2,29,41,0.337209302
13971,8,18,53.4,0.337078652
13107,4,44,130.8,0.336391437
17306,15,10,29.8,0.33557047
15831,3,58,173.2,0.334872979
17450,27,8,24,0.333333333
15527,8,18,54.2,0.332103321
16233,3,71,213.8,0.332086062
18170,3,33,99.8,0.330661323
17779,3,21,64,0.328125
14901,9,11,33.6,0.327380952
17054,5,28,85.6,0.327102804
13456,6,17,52,0.326923077
12384,2,28,93,0.325581395
12589,2,28,116,0.325581395
13810,2,28,28,0.325581395
13727,2,28,5,0.325581395
13557,2,28,252,0.325581395
16386,2,28,225,0.325581395
15492,2,28,46,0.325581395
17295,2,28,36,0.325581395
18150,3,32,98.6,0.324543611
14064,5,29,89.6,0.323660714
12928,5,35,108.4,0.322878229
16768,3,47,145.6,0.322802198
16385,3,60,186,0.322580645
15615,17,10,31,0.322580645
15297,3,10,31,0.322580645
13500,3,23,71.4,0.322128852
12921,23,9,28,0.321428571
17758,6,19,59.4,0.31986532
16730,3,52,162.6,0.319803198
15632,8,15,47,0.319148936
17211,8,26,81.8,0.317848411
17799,9,22,69.4,0.317002882
14704,9,11,34.8,0.316091954
16218,6,29,91.8,0.315904139
17183,6,7,22.2,0.315315315
17596,7,23,73,0.315068493
12645,4,33,104.8,0.314885496
12657,3,11,35,0.314285714
13004,17,11,35,0.314285714
16809,5,23,73.2,0.31420765
15660,6,25,79.6,0.314070352
16771,5,33,105.2,0.313688213
17338,8,17,54.2,0.313653137
13167,4,18,57.4,0.31358885
13634,5,33,105.4,0.313092979
12627,7,10,32,0.3125
16609,7,15,48,0.3125
17811,38,4,12.8,0.3125
13623,5,30,96,0.3125
15605,5,36,115.6,0.311418685
14631,3,50,160.6,0.311332503
12697,3,28,90,0.311111111
13988,6,19,61.2,0.310457516
14511,5,11,35.6,0.308988764
17469,5,16,51.8,0.308880309
13704,9,5,16.2,0.308641975
16464,3,19,61.8,0.307443366
14525,9,19,61.8,0.307443366
14226,5,28,91.4,0.306345733
13209,6,30,98.2,0.305498982
12370,4,51,167,0.305389222
17191,5,28,92.2,0.303687636
17373,4,40,132,0.303030303
17059,5,29,95.8,0.302713987
13577,4,25,82.6,0.302663438
12508,2,26,3,0.302325581
12865,2,26,97,0.302325581
16930,2,26,42,0.302325581
16560,2,26,332,0.302325581
15599,2,26,178,0.302325581
15429,2,26,49,0.302325581
15787,2,26,35,0.302325581
14882,2,26,7,0.302325581
14784,2,26,297,0.302325581
12567,9,22,72.8,0.302197802
14502,9,19,63,0.301587302
16633,6,17,56.4,0.30141844
14824,4,10,33.2,0.301204819
15845,8,17,56.6,0.300353357
14332,3,22,73.6,0.298913043
16910,8,4,13.4,0.298507463
17314,8,24,80.6,0.297766749
13742,11,16,53.8,0.29739777
16009,4,22,74,0.297297297
17088,4,28,94.4,0.296610169
15134,8,14,47.2,0.296610169
16549,8,10,33.8,0.295857988
15838,15,11,37.2,0.295698925
12481,8,22,74.4,0.295698925
13058,3,24,81.2,0.295566502
17867,4,30,101.8,0.294695481
17368,8,23,78.2,0.294117647
12428,7,25,85,0.294117647
16907,5,29,99.2,0.29233871
17381,20,8,27.4,0.291970803
16612,4,32,109.8,0.29143898
13835,4,25,85.8,0.291375291
14522,4,24,82.4,0.291262136
16357,3,33,113.4,0.291005291
16519,2,25,340,0.290697674
17081,2,25,21,0.290697674
15863,2,25,167,0.290697674
15050,2,25,46,0.290697674
14862,2,25,123,0.290697674
15027,4,30,103.2,0.290697674
12689,2,25,102,0.290697674
17235,2,25,347,0.290697674
17658,2,25,186,0.290697674
15493,4,32,110.2,0.290381125
18096,3,11,38,0.289473684
16126,4,29,100.4,0.288844622
16996,5,30,104.2,0.287907869
17043,4,32,111.4,0.287253142
17828,4,22,76.6,0.287206266
16670,10,16,55.8,0.286738351
15251,10,9,31.4,0.286624204
18211,5,25,87.4,0.28604119
13592,4,35,122.4,0.285947712
14367,13,8,28,0.285714286
13451,5,26,91,0.285714286
16813,10,8,28,0.285714286
14775,3,58,203.8,0.284592738
12477,6,22,77.4,0.284237726
13139,6,16,56.4,0.283687943
16710,9,19,67,0.28358209
17351,3,36,127.2,0.283018868
18069,5,26,92,0.282608696
14214,5,30,106.4,0.281954887
17979,3,35,124.6,0.280898876
17015,3,28,99.8,0.280561122
14913,4,35,124.8,0.280448718
15679,4,24,85.6,0.280373832
15785,4,32,114.2,0.280210158
14035,5,28,100,0.28
14507,5,23,82.2,0.279805353
14544,2,24,337,0.279069767
13066,2,24,8,0.279069767
13455,2,24,342,0.279069767
13236,2,24,82,0.279069767
12883,2,24,65,0.279069767
14853,2,24,187,0.279069767
16240,2,24,53,0.279069767
16557,2,24,113,0.279069767
18123,2,24,7,0.279069767
17540,2,24,292,0.279069767
16043,4,37,132.8,0.278614458
15506,3,22,79,0.278481013
14820,4,21,75.6,0.277777778
14883,5,18,64.8,0.277777778
14285,4,21,75.8,0.277044855
17888,8,21,75.8,0.277044855
16014,3,37,134.2,0.275707899
14112,5,22,79.8,0.275689223
13418,13,11,40,0.275
16869,4,22,80,0.275
13632,5,24,88.4,0.271493213
16570,9,15,55.4,0.270758123
18016,5,32,118.8,0.269360269
16950,3,56,208,0.269230769
14688,20,7,26,0.269230769
17420,3,50,185.8,0.269106566
14834,6,17,63.2,0.268987342
12691,6,28,104.2,0.268714012
12380,4,21,78.2,0.268542199
15407,4,33,123.2,0.267857143
16671,3,28,104.6,0.267686424
16669,2,23,55,0.26744186
16804,2,23,247,0.26744186
16855,2,23,20,0.26744186
16916,2,23,349,0.26744186
16999,2,23,51,0.26744186
15967,2,23,295,0.26744186
14851,2,23,233,0.26744186
15051,3,23,86,0.26744186
12991,2,23,89,0.26744186
13816,2,23,41,0.26744186
13894,2,23,287,0.26744186
17549,2,23,28,0.26744186
18246,2,23,210,0.26744186
14595,6,19,71.2,0.266853933
13168,4,36,135,0.266666667
15227,4,36,135,0.266666667
16169,4,8,30,0.266666667
17609,4,40,150.6,0.26560425
13982,4,39,147.4,0.26458616
13410,5,24,90.8,0.264317181
17289,3,31,118,0.262711864
17809,10,16,61.2,0.261437908
15671,7,18,69,0.260869565
15289,3,29,111.2,0.260791367
15046,15,9,34.6,0.260115607
13772,3,33,127,0.25984252
17350,3,8,30.8,0.25974026
17576,18,8,30.8,0.25974026
12488,3,9,34.8,0.25862069
12963,7,8,31,0.258064516
13999,12,10,39,0.256410256
14626,4,23,89.8,0.256124722
14508,2,22,67,0.255813953
14416,2,22,20,0.255813953
14034,2,22,135,0.255813953
13028,2,22,23,0.255813953
12406,2,22,161,0.255813953
15124,2,22,169,0.255813953
15287,2,22,48,0.255813953
16070,2,22,10,0.255813953
17080,2,22,247,0.255813953
17330,2,22,45,0.255813953
17461,2,22,7,0.255813953
17797,2,22,160,0.255813953
14229,3,51,200.4,0.254491018
14030,7,18,71,0.253521127
17521,3,29,114.4,0.253496503
16554,3,42,165.8,0.25331725
14001,3,45,177.8,0.253093363
14482,6,18,71.2,0.252808989
18036,3,32,126.6,0.252764613
15906,5,19,75.4,0.25198939
15078,20,7,27.8,0.251798561
12476,10,15,59.8,0.25083612
12656,5,17,67.8,0.250737463
13867,3,31,123.8,0.250403877
14031,17,7,28,0.25
15034,7,15,60,0.25
14911,132,1,4,0.25
15769,22,7,28,0.25
17014,3,8,32,0.25
17841,112,1,4,0.25
16717,6,23,92.4,0.248917749
15601,14,11,44.2,0.248868778
16279,3,21,84.4,0.248815166
16871,5,22,88.6,0.248306998
17552,3,60,243,0.24691358
17109,4,29,117.6,0.246598639
16985,7,17,69,0.246376812
13681,4,17,69,0.246376812
14329,6,17,69,0.246376812
16790,6,3,12.2,0.245901639
13991,5,12,48.8,0.245901639
15737,7,14,57,0.245614035
16011,16,8,32.6,0.245398773
16110,3,45,183.4,0.245365322
13277,4,15,61.4,0.244299674
12498,2,21,36,0.244186047
12578,2,21,309,0.244186047
13960,2,21,50,0.244186047
13962,2,21,224,0.244186047
14593,2,21,177,0.244186047
16134,2,21,338,0.244186047
16414,2,21,259,0.244186047
17163,2,21,57,0.244186047
15494,2,21,100,0.244186047
15088,2,21,46,0.244186047
17760,2,21,352,0.244186047
13117,8,21,86,0.244186047
13089,66,2,8.2,0.243902439
12993,4,23,94.6,0.243128964
14903,5,21,86.8,0.241935484
15864,6,22,91,0.241758242
14505,8,17,70.6,0.240793201
16960,3,38,158,0.240506329
13147,4,10,41.6,0.240384615
14560,20,7,29.2,0.239726027
17159,3,21,87.6,0.239726027
17515,4,31,129.8,0.238828968
15132,5,18,75.4,0.23872679
13755,8,3,12.6,0.238095238
17323,7,15,63,0.238095238
13984,5,26,109.2,0.238095238
16241,12,9,38,0.236842105
17917,3,45,190,0.236842105
14299,9,8,33.8,0.236686391
14700,3,32,135.4,0.23633678
17932,3,29,122.8,0.236156352
13652,3,45,191.2,0.235355649
15811,6,22,93.6,0.235042735
15106,5,17,72.4,0.23480663
14426,7,23,98,0.234693878
17396,4,39,166.2,0.23465704
15144,14,8,34.2,0.233918129
16618,4,31,132.6,0.233785822
13735,4,24,102.8,0.233463035
15271,15,7,30,0.233333333
12480,4,28,120.4,0.23255814
14527,54,2,8.6,0.23255814
13145,4,39,167.8,0.232419547
16655,6,17,74,0.22972973
14755,11,9,39.2,0.229591837
17133,6,15,65.4,0.229357798
14125,3,10,43.6,0.229357798
15116,4,17,74.2,0.229110512
16341,3,24,105,0.228571429
16782,13,10,43.8,0.228310502
16407,9,12,52.8,0.227272727
16133,29,3,13.2,0.227272727
17410,5,16,70.4,0.227272727
14334,8,16,70.6,0.226628895
14342,4,21,92.8,0.226293103
16762,3,19,84.4,0.225118483
15782,3,9,40,0.225
17796,4,40,177.8,0.224971879
13131,3,23,102.4,0.224609375
12778,6,19,84.8,0.224056604
17816,4,36,160.8,0.223880597
17231,10,12,53.6,0.223880597
15218,9,10,44.8,0.223214286
15953,8,15,67.2,0.223214286
14515,5,17,76.4,0.222513089
16966,7,8,36,0.222222222
17685,7,16,72,0.222222222
16333,13,7,31.6,0.221518987
14748,4,29,131.2,0.221036585
14984,2,19,161,0.220930233
15963,2,19,26,0.220930233
15919,2,19,349,0.220930233
15850,2,19,149,0.220930233
16411,2,19,350,0.220930233
16399,2,19,216,0.220930233
16506,2,19,21,0.220930233
16212,2,19,264,0.220930233
14664,2,19,14,0.220930233
14157,2,19,266,0.220930233
13565,2,19,315,0.220930233
13212,2,19,42,0.220930233
17555,2,19,315,0.220930233
17387,2,19,14,0.220930233
17384,2,19,200,0.220930233
17425,2,19,41,0.220930233
18040,2,19,226,0.220930233
18127,2,19,114,0.220930233
16676,4,33,149.6,0.220588235
13014,10,10,45.6,0.219298246
17419,11,11,50.2,0.219123506
16764,13,3,13.8,0.217391304
13892,4,26,119.6,0.217391304
15901,3,16,73.8,0.216802168
15743,4,16,74,0.216216216
15500,4,8,37,0.216216216
15582,3,24,111.2,0.215827338
14198,4,18,83.6,0.215311005
18122,6,8,37.2,0.215053763
14898,6,23,107,0.214953271
13610,7,12,56,0.214285714
12483,8,17,79.6,0.213567839
16255,8,16,75,0.213333333
16513,4,4,18.8,0.212765957
16639,3,31,145.8,0.212620027
12541,3,29,136.6,0.212298682
17750,9,5,23.6,0.211864407
13285,4,23,108.8,0.211397059
17769,10,12,56.8,0.211267606
13941,5,21,99.6,0.210843373
16775,11,10,47.6,0.210084034
17422,6,16,76.2,0.209973753
17432,2,18,19,0.209302326
17664,2,18,194,0.209302326
18080,2,18,224,0.209302326
15163,2,18,174,0.209302326
13673,2,18,14,0.209302326
13823,2,18,73,0.209302326
14551,2,18,186,0.209302326
13430,2,18,68,0.209302326
13189,2,18,97,0.209302326
12504,2,18,12,0.209302326
12462,2,18,285,0.209302326
12904,2,18,154,0.209302326
12990,3,31,148.2,0.209176788
13521,3,1,4.8,0.208333333
12827,3,5,24,0.208333333
17838,5,26,125,0.208
16293,6,21,101.6,0.206692913
18125,4,29,140.8,0.205965909
13458,14,7,34,0.205882353
17886,3,31,151,0.205298013
14178,7,8,39,0.205128205
13523,4,33,161.4,0.204460967
14408,7,10,49,0.204081633
16463,4,21,103,0.203883495
12705,8,15,73.6,0.203804348
12808,3,36,176.8,0.20361991
16085,5,23,113.2,0.203180212
18263,3,25,123.4,0.202593193
16008,3,23,113.6,0.202464789
15253,3,16,79.2,0.202020202
14044,4,26,129.2,0.20123839
13090,13,8,39.8,0.201005025
13969,17,7,35,0.2
17720,4,26,130,0.2
17288,7,9,45,0.2
14662,4,28,140,0.2
16700,13,8,40.2,0.199004975
13155,4,33,166.6,0.198079232
13363,2,17,26,0.197674419
12465,2,17,152,0.197674419
13569,2,17,350,0.197674419
17155,2,17,160,0.197674419
15977,2,17,22,0.197674419
16311,2,17,32,0.197674419
16330,2,17,95,0.197674419
16352,2,17,20,0.197674419
14768,2,17,110,0.197674419
15497,2,17,302,0.197674419
17453,2,17,47,0.197674419
17371,2,17,344,0.197674419
17360,2,17,167,0.197674419
17759,2,17,152,0.197674419
16668,6,15,76.2,0.196850394
15093,6,18,91.6,0.19650655
13138,6,22,112,0.196428571
13719,5,15,76.6,0.195822454
15018,3,38,194.2,0.195674562
15530,4,21,107.6,0.195167286
16701,12,8,41,0.195121951
13499,5,17,87.2,0.194954128
13995,5,15,77,0.194805195
12753,6,22,113,0.194690265
13313,5,22,113.2,0.19434629
14878,9,12,62,0.193548387
16298,3,22,113.8,0.193321617
16712,9,9,46.6,0.193133047
15727,7,16,83,0.192771084
16360,6,4,20.8,0.192307692
12364,4,7,36.4,0.192307692
16139,3,18,94,0.191489362
13650,5,16,83.6,0.19138756
12841,24,4,21,0.19047619
15916,7,16,84,0.19047619
13427,3,19,99.8,0.190380762
14487,5,26,136.8,0.19005848
14216,4,3,15.8,0.189873418
15681,4,25,131.8,0.189681335
14499,3,26,137.4,0.18922853
16719,7,14,74,0.189189189
14744,6,16,85.2,0.187793427
15061,29,3,16,0.1875
14071,7,3,16,0.1875
17147,4,22,117.6,0.18707483
16474,6,7,37.6,0.186170213
16185,2,16,216,0.186046512
16020,2,16,49,0.186046512
16653,2,16,55,0.186046512
14912,2,16,230,0.186046512
15949,2,16,55,0.186046512
15398,2,16,62,0.186046512
15393,2,16,265,0.186046512
14020,2,16,72,0.186046512
13899,2,16,258,0.186046512
14205,2,16,248,0.186046512
14335,2,16,80,0.186046512
13350,2,16,63,0.186046512
13614,4,24,129.6,0.185185185
16571,3,26,141,0.184397163
16726,4,26,141.2,0.184135977
13831,6,16,87,0.183908046
16003,4,29,158.4,0.183080808
13694,35,3,16.4,0.182926829
15449,3,26,142.4,0.18258427
13297,3,7,38.4,0.182291667
13784,11,9,49.4,0.182186235
15950,4,31,170.6,0.181711606
15502,8,15,82.6,0.181598063
12997,4,22,121.2,0.181518152
13137,8,10,55.2,0.18115942
12919,6,8,44.2,0.180995475
16245,3,23,127.6,0.180250784
16033,18,5,27.8,0.179856115
14684,5,25,139.2,0.179597701
12684,7,7,39,0.179487179
13246,6,18,100.4,0.179282869
13928,4,10,55.8,0.17921147
12388,6,15,83.8,0.178997613
14659,9,8,44.8,0.178571429
17131,4,5,28,0.178571429
16931,20,5,28,0.178571429
16877,6,12,67.2,0.178571429
16128,5,17,95.2,0.178571429
15452,3,29,162.8,0.178132678
17063,4,21,118,0.177966102
16115,8,9,50.6,0.177865613
12562,7,8,45,0.177777778
17611,14,7,39.4,0.177664975
16438,5,5,28.2,0.177304965
14713,11,9,51,0.176470588
15117,5,14,80,0.175
14092,12,7,40,0.175
14591,2,15,198,0.174418605
14539,2,15,29,0.174418605
13207,2,15,135,0.174418605
14987,2,15,350,0.174418605
16596,2,15,351,0.174418605
16189,2,15,70,0.174418605
16824,2,15,149,0.174418605
16616,2,15,142,0.174418605
16327,6,14,80.6,0.17369727
13308,3,22,126.8,0.173501577
17076,3,36,207.8,0.173243503
14262,8,8,46.2,0.173160173
17227,6,18,104,0.173076923
14829,4,29,167.6,0.173031026
17158,3,32,185.6,0.172413793
17173,7,5,29,0.172413793
15594,5,15,87,0.172413793
13081,9,11,64,0.171875
16221,3,36,209.6,0.171755725
12933,3,24,140,0.171428571
16369,3,18,105.2,0.171102662
16511,3,21,122.8,0.171009772
15373,11,8,46.8,0.170940171
16365,8,17,99.6,0.170682731
17625,4,18,105.8,0.170132325
15611,12,9,53,0.169811321
15489,3,22,130.2,0.168970814
13310,3,28,166,0.168674699
14456,8,5,29.8,0.167785235
14895,11,7,41.8,0.167464115
15745,4,19,113.8,0.166959578
14606,89,1,6,0.166666667
13558,4,5,30,0.166666667
13232,7,12,72,0.166666667
12704,7,7,42,0.166666667
17974,3,24,144,0.166666667
18161,5,15,90.4,0.165929204
16261,4,17,103,0.165048544
16469,3,23,140,0.164285714
12912,5,2,12.2,0.163934426
12775,5,17,104.2,0.163147793
12438,2,14,126,0.162790698
13525,2,14,234,0.162790698
13579,2,14,355,0.162790698
13589,2,14,165,0.162790698
13978,2,14,31,0.162790698
15186,2,14,154,0.162790698
17624,2,14,204,0.162790698
17329,2,14,301,0.162790698
16145,11,8,49.2,0.162601626
15365,4,25,153.8,0.162548765
17463,5,16,98.8,0.16194332
15081,5,22,136.8,0.160818713
14243,10,8,49.8,0.16064257
17293,8,8,49.8,0.16064257
15179,5,18,112.2,0.160427807
14506,5,17,106,0.160377358
13509,7,8,50,0.16
15514,8,12,75,0.16
14715,4,24,150.4,0.159574468
15781,3,25,156.8,0.159438776
17228,8,15,94.4,0.158898305
17835,3,2,12.6,0.158730159
13001,13,4,25.2,0.158730159
13159,4,8,50.4,0.158730159
15532,4,25,157.6,0.158629442
12597,4,19,119.8,0.158597663
16057,4,16,101,0.158415842
12553,10,8,50.8,0.157480315
13606,3,29,184.8,0.156926407
17519,6,17,108.8,0.15625
13199,33,3,19.2,0.15625
17700,4,16,102.6,0.155945419
15570,12,7,45,0.155555556
15110,4,23,148,0.155405405
12524,8,9,58,0.155172414
13029,3,30,193.6,0.154958678
13590,6,11,71,0.154929577
13692,3,24,155.8,0.154043646
15382,5,14,91,0.153846154
17345,3,15,98,0.153061224
14258,8,9,59.2,0.152027027
17365,7,12,79,0.151898734
15482,9,15,98.8,0.151821862
13319,17,5,33,0.151515152
12494,7,15,99,0.151515152
14477,4,19,125.6,0.151273885
17951,3,39,258.2,0.151045701
18077,11,8,53,0.150943396
17302,5,14,92.8,0.150862069
13808,5,5,33.2,0.15060241
15547,12,7,47,0.14893617
13815,4,22,147.8,0.148849797
14447,4,18,121.2,0.148514851
14060,19,4,27,0.148148148
18198,17,4,27,0.148148148
17516,4,15,101.6,0.147637795
14005,5,9,61.2,0.147058824
13516,3,21,143,0.146853147
18144,11,7,48.2,0.145228216
12937,4,15,103.6,0.144787645
17299,4,11,76,0.144736842
14062,11,9,62.2,0.144694534
13118,4,19,131.4,0.144596651
14961,8,10,69.4,0.144092219
16989,6,7,48.8,0.143442623
17236,6,12,83.8,0.143198091
17096,4,15,104.8,0.143129771
16983,7,12,84,0.142857143
13078,25,3,21,0.142857143
12950,3,2,14,0.142857143
13435,7,5,35,0.142857143
17434,7,2,14,0.142857143
17738,3,19,133,0.142857143
16898,3,26,183,0.142076503
16566,5,15,105.6,0.142045455
14286,3,23,162,0.141975309
13282,3,18,126.8,0.141955836
17736,3,9,63.4,0.141955836
16042,4,22,155,0.141935484
17857,20,4,28.2,0.141843972
14194,15,4,28.4,0.14084507
12598,7,9,64,0.140625
16359,9,7,50,0.14
15054,2,12,28,0.139534884
18001,2,12,74,0.139534884
18112,2,12,154,0.139534884
18156,2,12,357,0.139534884
17595,2,12,25,0.139534884
14732,8,8,57.6,0.138888889
14963,5,9,64.8,0.138888889
18230,7,9,65,0.138461538
12557,5,16,115.6,0.138408304
16156,9,8,58.2,0.137457045
16265,8,9,65.6,0.137195122
14790,4,16,116.8,0.136986301
13685,6,2,14.6,0.136986301
15270,5,15,109.6,0.136861314
12682,27,3,22,0.136363636
13985,15,4,29.4,0.136054422
14388,8,10,73.6,0.135869565
13183,9,7,51.6,0.135658915
18043,3,24,177.6,0.135135135
16326,13,5,37,0.135135135
13758,7,11,82,0.134146341
12952,3,5,37.4,0.13368984
16748,5,17,127.2,0.133647799
15290,17,4,30,0.133333333
14701,7,10,75,0.133333333
12539,4,22,165.6,0.132850242
15856,21,4,30.2,0.132450331
15903,7,9,68,0.132352941
16013,28,3,22.8,0.131578947
17655,7,10,76,0.131578947
14493,5,7,53.2,0.131578947
12528,6,9,68.6,0.131195335
12628,3,4,30.6,0.130718954
15755,6,10,76.6,0.130548303
16015,3,3,23,0.130434783
13012,8,9,69,0.130434783
16303,3,25,192.4,0.12993763
16353,20,3,23.2,0.129310345
13939,3,23,179.4,0.128205128
13914,2,11,25,0.127906977
14470,2,11,276,0.127906977
14597,2,11,180,0.127906977
13030,2,11,357,0.127906977
12906,2,11,67,0.127906977
16347,2,11,25,0.127906977
16364,2,11,126,0.127906977
17031,2,11,143,0.127906977
15714,2,11,66,0.127906977
17237,2,11,11,0.127906977
18101,2,11,132,0.127906977
14657,4,17,133.6,0.127245509
14741,6,11,86.6,0.127020785
16242,7,8,63,0.126984127
15024,7,9,71,0.126760563
15172,5,8,63.2,0.126582278
16350,4,21,166,0.126506024
15563,3,22,174,0.126436782
14289,6,8,63.6,0.125786164
14309,9,8,63.8,0.12539185
16746,17,4,32,0.125
17006,4,4,32,0.125
17348,5,14,112,0.125
12620,3,14,112.4,0.12455516
13782,6,12,96.4,0.124481328
16851,3,4,32.2,0.124223602
16379,4,4,32.2,0.124223602
14209,6,10,80.6,0.124069479
15747,3,12,96.8,0.123966942
14111,4,14,113.4,0.12345679
15861,6,12,97.8,0.122699387
12670,5,10,81.8,0.122249389
13048,4,14,114.6,0.122164049
15358,15,4,32.8,0.12195122
15544,9,9,74,0.121621622
15867,15,5,41.2,0.121359223
14049,4,16,132,0.121212121
13846,3,24,198,0.121212121
14336,4,16,132,0.121212121
18055,10,7,58.2,0.120274914
14297,4,17,142,0.11971831
14390,8,10,83.8,0.119331742
17041,3,26,218,0.119266055
14553,4,19,159.4,0.119196989
12464,7,10,84,0.119047619
17954,12,5,42,0.119047619
15485,3,30,252.2,0.118953212
12421,4,15,127.2,0.117924528
15021,8,8,68,0.117647059
17101,4,10,85,0.117647059
13115,4,11,93.6,0.117521368
14121,4,3,25.6,0.1171875
13657,2,10,191,0.11627907
14550,2,10,34,0.11627907
14452,2,10,83,0.11627907
13068,2,10,309,0.11627907
13467,2,10,26,0.11627907
13496,2,10,349,0.11627907
12375,2,10,88,0.11627907
16852,2,10,166,0.11627907
14785,2,10,5,0.11627907
15239,2,10,68,0.11627907
17466,2,10,68,0.11627907
17468,2,10,4,0.11627907
17711,2,10,279,0.11627907
14397,19,2,17.2,0.11627907
13149,4,14,120.8,0.11589404
15111,3,29,252.2,0.114988105
18223,13,4,35,0.114285714
15858,5,15,131.6,0.113981763
13448,5,16,141.2,0.113314448
12356,3,22,194.4,0.113168724
14449,4,18,159.6,0.112781955
16915,6,9,80.6,0.111662531
14292,6,7,62.8,0.111464968
17920,17,4,36,0.111111111
17135,5,16,144,0.111111111
16992,5,10,91.4,0.10940919
13953,7,7,64,0.109375
17075,4,17,156.4,0.108695652
12957,7,9,83,0.108433735
12727,6,10,92.4,0.108225108
16684,16,4,37,0.108108108
15687,8,8,74,0.108108108
17114,8,5,46.8,0.106837607
15983,4,22,206,0.106796117
14859,3,12,112.8,0.106382979
15426,4,19,179.2,0.106026786
18145,4,12,113.4,0.105820106
12664,9,8,75.8,0.105540897
12490,10,5,47.6,0.105042017
13323,5,3,28.6,0.104895105
13255,2,9,364,0.104651163
12630,2,9,34,0.104651163
12882,2,9,24,0.104651163
12784,2,9,6,0.104651163
14448,2,9,355,0.104651163
15444,2,9,31,0.104651163
15654,2,9,17,0.104651163
14893,2,9,2,0.104651163
18158,2,9,79,0.104651163
17737,2,9,49,0.104651163
15712,5,9,86,0.104651163
17858,12,5,48,0.104166667
12569,26,2,19.2,0.104166667
13198,6,10,96.4,0.10373444
15987,6,12,116.2,0.103270224
13647,4,9,87.2,0.103211009
13171,3,21,205.6,0.102140078
18259,3,24,237,0.101265823
13882,5,2,19.8,0.101010101
14467,4,17,168.4,0.100950119
16076,9,3,29.8,0.100671141
17671,4,15,149.2,0.100536193
17706,12,4,40,0.1
16904,15,4,40,0.1
13798,53,1,10,0.1
14321,5,10,100.6,0.099403579
14401,13,4,40.4,0.099009901
12714,5,9,91.6,0.098253275
13238,4,17,174.2,0.097588978
14277,3,15,154,0.097402597
14215,6,11,113,0.097345133
17567,8,7,72.2,0.096952909
14110,12,3,31,0.096774194
16440,5,7,72.4,0.096685083
17404,15,4,41.4,0.096618357
12381,5,4,41.4,0.096618357
17937,7,8,83,0.096385542
17095,3,22,228.6,0.09623797
16103,6,7,73.2,0.095628415
13546,3,12,125.8,0.095389507
16525,26,2,21,0.095238095
17511,28,2,21,0.095238095
15602,9,8,84,0.095238095
15640,15,4,42.4,0.094339623
14735,20,3,32,0.09375
17629,8,5,53.4,0.093632959
17590,3,2,21.4,0.093457944
13767,31,2,21.4,0.093457944
14287,2,8,190,0.093023256
12572,2,8,43,0.093023256
13040,2,8,25,0.093023256
14869,2,8,95,0.093023256
14960,2,8,163,0.093023256
15101,2,8,351,0.093023256
15531,2,8,22,0.093023256
15951,2,8,277,0.093023256
15948,2,8,35,0.093023256
16376,2,8,9,0.093023256
16119,2,8,64,0.093023256
17566,2,8,17,0.093023256
17321,2,8,59,0.093023256
12798,3,10,107.6,0.092936803
15434,4,8,86.2,0.092807425
12787,3,9,97.2,0.092592593
13230,13,4,43.2,0.092592593
17682,6,10,108.2,0.092421442
18179,6,9,97.4,0.092402464
17386,4,7,76,0.092105263
12683,11,4,43.6,0.091743119
16532,3,17,186,0.091397849
16660,3,16,177,0.09039548
12700,4,7,78.2,0.089514066
17034,3,16,179,0.089385475
15676,3,18,201.8,0.089197225
13950,4,11,123.4,0.089141005
12951,6,8,89.8,0.08908686
15561,3,11,123.6,0.088996764
13064,4,12,135.4,0.088626292
13949,6,2,22.6,0.088495575
14805,4,15,169.6,0.088443396
13881,16,3,34,0.088235294
15206,4,10,113.6,0.088028169
17739,7,11,125,0.088
17929,4,11,125.6,0.087579618
17621,3,21,241.2,0.087064677
14910,4,2,23,0.086956522
12720,21,2,23,0.086956522
14766,6,8,92.4,0.086580087
16929,7,3,35,0.085714286
14562,17,3,35,0.085714286
17988,5,11,129,0.085271318
13203,4,9,105.6,0.085227273
16283,5,5,58.8,0.085034014
17324,4,17,200,0.085
14534,18,2,23.6,0.084745763
14577,4,12,142.6,0.084151473
17198,3,23,274.8,0.083697234
18188,3,15,182.8,0.082056893
12695,4,7,85.4,0.081967213
15194,15,3,36.6,0.081967213
12427,3,21,256.6,0.081839439
17426,4,8,97.8,0.081799591
15467,3,9,110.2,0.081669691
13658,3,9,110.4,0.081521739
13780,2,7,163,0.081395349
13868,2,7,31,0.081395349
14126,2,7,3,0.081395349
14023,2,7,243,0.081395349
14594,2,7,366,0.081395349
14250,2,7,82,0.081395349
12762,2,7,18,0.081395349
12962,2,7,106,0.081395349
12970,2,7,315,0.081395349
15123,2,7,199,0.081395349
14788,2,7,19,0.081395349
14865,2,7,365,0.081395349
17157,2,7,169,0.081395349
16759,2,7,23,0.081395349
17221,2,7,29,0.081395349
17584,2,7,120,0.081395349
17495,2,7,31,0.081395349
18282,2,7,119,0.081395349
12783,5,2,24.6,0.081300813
16592,9,4,49.4,0.08097166
18180,6,4,49.4,0.08097166
16899,6,7,86.6,0.080831409
16458,18,2,24.8,0.080645161
17924,5,11,136.8,0.080409357
13994,6,3,37.4,0.080213904
12451,5,10,124.8,0.080128205
17402,12,4,50,0.08
14419,6,10,125.4,0.079744817
17188,6,11,138.2,0.07959479
12989,13,3,37.8,0.079365079
14132,11,2,25.2,0.079365079
13668,21,2,25.2,0.079365079
13389,3,11,139,0.079136691
14290,5,11,139,0.079136691
17686,5,7,88.8,0.078828829
16672,18,2,25.4,0.078740157
13079,5,4,51,0.078431373
16005,3,12,153.6,0.078125
17730,13,3,38.6,0.077720207
15033,10,4,51.8,0.077220077
15189,38,1,13,0.076923077
17528,7,1,13,0.076923077
16657,4,9,117.4,0.076660988
15436,3,12,156.6,0.076628352
13630,7,5,66,0.075757576
13709,8,3,40,0.075
13534,18,2,26.8,0.074626866
13408,41,1,13.4,0.074626866
15793,3,14,188.2,0.074388948
17411,3,12,161.4,0.074349442
13258,3,11,148,0.074324324
13502,3,16,216.2,0.07400555
12654,4,10,135.2,0.073964497
12839,14,2,27.2,0.073529412
14583,5,5,68.2,0.073313783
17864,3,12,164.2,0.073081608
16062,4,9,123.6,0.072815534
14655,4,8,110.4,0.072463768
12471,20,2,27.8,0.071942446
15854,10,4,55.6,0.071942446
17768,3,8,111.4,0.071813285
12723,3,3,41.8,0.071770335
13468,36,1,14,0.071428571
14646,45,1,14,0.071428571
14825,12,3,42,0.071428571
17315,35,1,14,0.071428571
15932,8,4,56.2,0.071174377
14282,15,3,42.4,0.070754717
16094,3,11,155.6,0.070694087
17481,4,3,42.6,0.070422535
13196,3,11,157,0.070063694
14723,5,10,142.8,0.070028011
16682,5,4,58.2,0.068728522
13263,33,1,14.6,0.068493151
14173,3,10,146.2,0.068399453
16779,21,2,29.4,0.068027211
13362,4,9,133,0.067669173
17870,9,2,29.6,0.067567568
14720,3,5,74.6,0.067024129
17705,9,3,45.2,0.066371681
18283,14,3,45.6,0.065789474
15380,5,8,122.6,0.065252855
12877,12,3,46,0.065217391
18044,10,4,61.4,0.06514658
17735,18,2,30.8,0.064935065
12668,4,11,170,0.064705882
13309,5,7,108.4,0.064575646
14546,5,5,77.8,0.064267352
13174,3,16,250.6,0.063846768
15073,3,9,141,0.063829787
15394,4,9,142.8,0.06302521
14440,5,8,127,0.062992126
13126,7,4,64,0.0625
16678,12,2,32,0.0625
16201,4,3,48,0.0625
12584,9,3,48.2,0.062240664
15965,3,17,273.4,0.062179956
17019,4,11,177.6,0.061936937
16191,10,2,32.4,0.061728395
14047,5,8,130.4,0.061349693
14868,7,3,49,0.06122449
15628,9,4,65.4,0.06116208
17090,7,4,66,0.060606061
14428,5,7,115.6,0.060553633
17675,29,1,16.6,0.060240964
18245,5,7,117.4,0.059625213
16885,3,15,252,0.05952381
14698,5,1,16.8,0.05952381
18065,6,5,84.2,0.059382423
15023,11,3,50.8,0.059055118
14696,7,4,68,0.058823529
12429,4,9,153,0.058823529
12673,2,5,321,0.058139535
12719,2,5,60,0.058139535
14658,2,5,112,0.058139535
14354,2,5,25,0.058139535
13596,2,5,7,0.058139535
13736,2,5,255,0.058139535
13822,2,5,35,0.058139535
16561,2,5,54,0.058139535
14085,16,2,34.4,0.058139535
17812,4,12,207.2,0.057915058
13883,3,10,173.4,0.057670127
13098,26,1,17.4,0.057471264
12583,15,2,35.2,0.056818182
14056,23,1,17.8,0.056179775
18097,5,7,125,0.056
15862,4,8,143,0.055944056
17728,3,3,53.8,0.055762082
15498,17,2,36,0.055555556
13756,12,2,36,0.055555556
17346,14,3,54,0.055555556
14146,4,8,145,0.055172414
16987,6,3,54.4,0.055147059
18225,12,3,55,0.054545455
13305,10,4,73.4,0.054495913
12560,3,5,91.8,0.054466231
13924,6,1,18.4,0.054347826
13956,5,5,92.4,0.054112554
17017,16,2,37.2,0.053763441
17115,3,8,149.4,0.053547523
17218,10,4,75,0.053333333
15414,3,9,169.6,0.053066038
12362,10,3,56.8,0.052816901
16938,4,8,153.8,0.052015605
12828,6,2,38.8,0.051546392
17949,29,1,19.4,0.051546392
12417,9,3,58.4,0.051369863
14189,14,2,39,0.051282051
15568,3,2,39.4,0.050761421
14083,8,4,79.6,0.050251256
16873,6,4,79.8,0.050125313
16038,3,7,140.8,0.049715909
18109,25,1,20.2,0.04950495
14897,4,7,142.8,0.049019608
17757,30,1,20.4,0.049019608
15187,14,1,20.6,0.048543689
13884,4,7,145.6,0.048076923
14503,6,3,62.4,0.048076923
17243,26,1,21,0.047619048
18237,5,2,42,0.047619048
14931,5,4,84,0.047619048
14251,5,1,21.4,0.046728972
13021,8,4,85.8,0.046620047
15197,3,10,214.8,0.046554935
15274,2,4,14,0.046511628
15690,2,4,96,0.046511628
16200,2,4,160,0.046511628
16149,2,4,138,0.046511628
16811,2,4,13,0.046511628
16642,2,4,203,0.046511628
16968,2,4,103,0.046511628
12925,2,4,70,0.046511628
13083,2,4,71,0.046511628
13173,2,4,363,0.046511628
13311,2,4,146,0.046511628
13417,2,4,201,0.046511628
12646,2,4,45,0.046511628
14629,2,4,43,0.046511628
18030,2,4,38,0.046511628
17817,2,4,273,0.046511628
17254,2,4,11,0.046511628
13471,4,1,22,0.045454545
13495,5,7,155,0.04516129
14540,3,9,200.4,0.04491018
13267,14,2,45.2,0.044247788
17676,6,4,90.4,0.044247788
16496,3,8,181,0.044198895
13211,3,10,229.8,0.043516101
13536,7,1,23,0.043478261
16426,7,2,46,0.043478261
16523,18,1,23,0.043478261
12747,11,2,46.2,0.043290043
17238,15,2,46.4,0.043103448
14572,7,3,70,0.042857143
16393,13,2,46.8,0.042735043
14141,4,2,47,0.042553191
14418,3,3,70.8,0.042372881
15156,3,1,23.8,0.042016807
13507,4,3,72.2,0.041551247
13225,7,3,74,0.040540541
15159,19,1,25.2,0.03968254
16905,6,5,126.6,0.039494471
16600,6,4,103.8,0.038535645
16210,17,1,26,0.038461538
13102,20,1,26,0.038461538
16949,6,3,78.6,0.038167939
13318,3,1,26.4,0.037878788
12724,4,5,132.2,0.037821483
15572,5,4,106,0.037735849
16688,4,1,26.6,0.037593985
12437,15,1,26.6,0.037593985
14191,13,1,26.8,0.037313433
17049,8,2,53.6,0.037313433
15298,11,2,54,0.037037037
15701,4,2,54.4,0.036764706
18092,10,2,54.8,0.03649635
14032,11,2,56,0.035714286
14702,17,1,28,0.035714286
15984,10,2,56.8,0.035211268
15822,2,3,356,0.034883721
17119,2,3,56,0.034883721
16620,2,3,257,0.034883721
16495,2,3,273,0.034883721
16313,2,3,46,0.034883721
14140,2,3,28,0.034883721
12716,2,3,130,0.034883721
18005,2,3,44,0.034883721
18154,2,3,40,0.034883721
17250,2,3,258,0.034883721
17290,2,3,13,0.034883721
17666,2,3,62,0.034883721
17579,3,4,114.8,0.034843206
14618,3,9,261.8,0.034377387
14759,3,4,117.6,0.034013605
15680,3,9,267,0.033707865
14739,7,4,119,0.033613445
15550,4,4,119.4,0.033500838
13705,3,7,210.6,0.033238367
12782,5,4,120.4,0.033222591
12766,7,3,91,0.032967033
14395,9,2,61.6,0.032467532
13743,7,2,62,0.032258065
14769,8,2,62.4,0.032051282
14649,3,4,125.6,0.031847134
18219,9,2,62.8,0.031847134
17451,5,1,31.4,0.031847134
15145,4,4,126,0.031746032
15136,3,2,63.2,0.03164557
15484,4,1,31.6,0.03164557
14217,16,1,31.6,0.03164557
16500,5,4,126.6,0.031595577
17677,18,1,31.8,0.031446541
12621,17,1,32,0.03125
16161,19,1,32,0.03125
13104,6,3,96.4,0.031120332
13769,9,2,64.6,0.030959752
17861,7,3,97,0.030927835
16817,9,2,64.8,0.030864198
12749,4,3,98,0.030612245
14907,6,3,99.4,0.030181087
15028,3,8,267.6,0.029895366
15031,4,4,135.2,0.029585799
14796,17,1,34,0.029411765
17744,6,3,102.6,0.029239766
18272,6,2,69.4,0.028818444
16143,6,3,104.2,0.028790787
12994,3,4,141.6,0.028248588
12347,7,2,71,0.028169014
16979,6,3,106.8,0.028089888
15443,7,1,36,0.027777778
13013,12,1,36,0.027777778
12615,4,2,72.2,0.027700831
13870,6,2,72.6,0.027548209
13860,4,1,36.4,0.027472527
16794,9,1,36.4,0.027472527
14794,7,2,73,0.02739726
15053,3,4,146.6,0.02728513
12913,5,4,147,0.027210884
14415,13,1,36.8,0.027173913
17602,6,2,73.6,0.027173913
15453,7,1,38,0.026315789
14135,14,1,38.8,0.025773196
16016,7,3,117,0.025641026
17042,5,2,78.2,0.025575448
13890,9,1,39.8,0.025125628
13269,13,1,40.6,0.024630542
16401,12,1,41,0.024390244
12955,11,1,41.6,0.024038462
17883,4,3,124.8,0.024038462
17644,8,1,42,0.023809524
17091,7,2,84,0.023809524
17593,5,3,127.2,0.023584906
17827,3,5,214,0.023364486
17503,2,2,36,0.023255814
17232,2,2,12,0.023255814
16368,2,2,26,0.023255814
15883,2,2,31,0.023255814
14904,2,2,23,0.023255814
17618,3,5,217.2,0.023020258
17449,6,2,88.8,0.022522523
16711,5,3,133.2,0.022522523
12935,6,2,89.6,0.022321429
13838,3,5,224,0.022321429
13599,15,1,45,0.022222222
17097,7,2,90,0.022222222
15392,4,4,186.4,0.021459227
14673,5,3,140.4,0.021367521
14608,4,4,188.6,0.021208908
15907,3,3,145.2,0.020661157
15750,7,2,98,0.020408163
14871,4,3,147,0.020408163
14075,3,4,196.6,0.02034588
15399,3,1,49.8,0.020080321
17526,4,4,199.6,0.02004008
14293,4,3,152.4,0.019685039
17554,5,1,51,0.019607843
13314,3,1,51.6,0.019379845
15214,8,1,52.2,0.019157088
13394,8,1,52.8,0.018939394
12826,7,2,107,0.018691589
17412,7,2,107,0.018691589
12820,4,3,167.6,0.017899761
14291,7,1,56,0.017857143
17491,10,1,56.6,0.017667845
17266,3,2,115.4,0.017331023
15969,3,2,118.2,0.016920474
18210,6,1,60.8,0.016447368
14113,4,3,188,0.015957447
14730,7,1,64,0.015625
15157,3,3,193.4,0.015511892
17530,9,1,66.4,0.015060241
14737,3,3,205,0.014634146
17884,4,3,207.6,0.014450867
13510,4,1,72.8,0.013736264
15796,8,1,73.4,0.013623978
18273,3,2,148.2,0.013495277
14653,6,1,75.8,0.013192612
16271,5,2,153,0.013071895
17405,3,1,76.6,0.01305483
17522,5,1,81.8,0.012224939
17673,6,1,83.2,0.012019231
17668,2,1,37,0.011627907
17436,2,1,225,0.011627907
16322,2,1,35,0.011627907
17144,2,1,83,0.011627907
16933,2,1,238,0.011627907
15877,2,1,16,0.011627907
14520,2,1,289,0.011627907
14138,2,1,62,0.011627907
13954,2,1,69,0.011627907
13404,2,1,211,0.011627907
12358,2,1,149,0.011627907
16358,4,1,87.8,0.011389522
13026,5,1,87.8,0.011389522
14719,5,1,89.6,0.011160714
16539,4,2,185.8,0.010764263
16892,4,1,98,0.010204082
14708,3,2,201.6,0.009920635
15237,4,1,105.8,0.009451796
16891,5,1,127.4,0.007849294
17631,3,1,127.8,0.007824726
14129,4,1,130.2,0.007680492
15208,5,1,136,0.007352941
15525,3,2,287.8,0.00694927
14621,5,1,144,0.006944444
17856,4,1,151.6,0.006596306
15898,5,1,151.8,0.006587615
13680,4,1,194,0.005154639
16442,3,1,207.4,0.004821601
17830,3,1,213.4,0.004686036
16833,3,1,221.4,0.004516712
13077,3,1,246.4,0.004058442
13113,23,0,20.4,0
13069,20,0,28.2,0
12985,2,0,28,0
13426,10,0,66.4,0
12433,6,0,93.4,0
12423,8,0,85.2,0
12518,5,0,31.2,0
12526,3,0,50.6,0
12748,114,0,4.6,0
12662,10,0,53.2,0
12680,4,0,53.4,0
13777,24,0,20,0
14051,22,0,23,0
14446,4,0,120.4,0
14422,6,0,97.6,0
14441,4,0,117,0
16705,12,0,47,0
16626,17,0,25,0
16954,8,0,84,0
17001,11,0,40.2,0
16446,2,0,205,0
16558,20,0,29,0
15910,8,0,47.6,0
15804,13,0,26.2,0
15694,14,0,40.6,0
15344,3,0,40,0
15311,90,0,5,0
18102,26,0,24,0
17581,10,0,49,0
17490,6,0,68.6,0
17754,5,0,93.4,0
17428,21,0,25.6,0
17389,32,0,15,0
17364,10,0,52.6,0
